Id,Prediction
0,0.9883633627250518
1,0.9983960530368232
2,0.9982152900791393
3,8.901145016409034e-06
4,0.09670532407935872
5,0.9996756562680951
6,0.0003430032697947059
7,0.0008610819100940282
8,0.9968018404821697
9,0.9943703222679171
10,0.9915776463644308
11,0.8329605560057993
12,0.0012739976304495086
13,0.0018930851043838211
14,0.010270520624951245
15,0.9244573104494483
16,0.9873467023190662
17,0.1325689441435217
18,5.630054831695488e-05
19,0.5385187540421286
20,7.716204335935626e-05
21,0.015349176965415429
22,0.03841514726497388
23,0.9998936866292883
24,0.00014798757755022236
25,0.0468765348356382
26,0.9857167212249776
27,0.5781997954127579
28,0.5706123252162356
29,0.9994267970603659
30,0.9952902022277845
31,0.9997719728196207
32,0.00012250893510718652
33,0.7143774148797927
34,0.9987847287087637
35,0.001817750925321148
36,0.9993672979360346
37,0.9997831908417522
38,0.9984103159961539
39,0.7445267892452107
40,0.9993722698370279
41,0.021024072197712854
42,0.0014645360239948794
43,0.0006205774602839486
44,0.007162390211403502
45,0.005793881320515565
46,0.7307639031933766
47,0.9046221549672961
48,0.9996795129131713
49,0.9997225852270653
50,0.9750352783255742
51,0.9999598844915413
52,0.9993065932544855
53,0.0007566066570426347
54,0.9999313047310877
55,0.06727871655275089
56,0.9974520609685981
57,0.9550136479006698
58,0.8217685179619654
59,0.9919667876439064
60,2.6302254351878308e-05
61,0.0007221811161184739
62,0.9600592754937455
63,1.40396916735549e-05
64,0.9908458817128891
65,0.9980220470819876
66,0.0008872871632527757
67,0.309134591180149
68,0.9770250825298065
69,4.6594590704417455e-06
70,0.00010350617074462607
71,0.9942817970969743
72,0.9995805483007921
73,0.9998993509150765
74,0.9978332926528649
75,0.9995961703417745
76,0.025579926782023733
77,2.358493865951888e-05
78,0.9997534716679147
79,0.9857318254564368
80,0.9979398587598312
81,0.00013617328484235967
82,0.010432356560082418
83,0.9875794253839023
84,0.9948317429760488
85,0.013351962413076887
86,0.999933564434083
87,0.0024595387516536454
88,0.9999500338791727
89,0.9998283605612905
90,0.9955115843291477
91,0.009554059145974254
92,8.188058918823921e-05
93,0.9998499776638142
94,0.9878651977589438
95,0.8884899064304387
96,0.00010907578186098268
97,0.9985849846607259
98,0.00027894584753833753
99,0.9996656174109784
100,0.002084033297897285
101,0.9994254671931048
102,0.965541082550599
103,0.00963909255101876
104,0.9902268267643818
105,0.0019164224493898453
106,0.012377463101575217
107,0.9999887251459268
108,0.00027856658680026946
109,0.9999743026192266
110,0.9998787690108824
111,0.0004942408712502492
112,0.9998243770845865
113,0.047735029238263574
114,0.1765743104242387
115,0.0004971398442502673
116,0.08905964422719825
117,0.9940389916818081
118,0.8750371850034449
119,0.9948493830265362
120,0.1123323451380111
121,0.9999884815966652
122,9.316631610351126e-06
123,0.988947552112455
124,0.9999567662654579
125,0.9643666219453966
126,0.015050554967661983
127,0.0005545617992316442
128,0.9858660143190772
129,0.9999583130504074
130,0.9999883799796909
131,0.00012556931390301498
132,0.06804467322759719
133,0.9802915039321145
134,0.003478962389860348
135,0.019995849794108532
136,0.9888571559366218
137,0.0045842907368372696
138,0.9993567932197885
139,0.996467479833777
140,0.8470242422455073
141,0.9995580016045702
142,0.9993437500688098
143,0.0008273753859941833
144,0.44323717358389025
145,0.0028057596800572485
146,0.9976777849965461
147,0.9847021989865898
148,0.05071662057807613
149,0.0019552147287315675
150,0.9999536980461076
151,0.005098387122565484
152,0.9968114304622891
153,0.9961011914825298
154,0.9969562357121736
155,0.0002010075586157524
156,0.0004213347026085098
157,0.9990415469749684
158,0.9972613084255709
159,0.008547838518192722
160,0.002912714393807493
161,0.9994634977012955
162,0.9994562982944446
163,0.5527437967961178
164,0.9442418500451611
165,0.9894485527625525
166,0.009011758886368789
167,0.9999547644145647
168,0.006378009554365651
169,0.9943478082306463
170,0.9929963827376901
171,2.103033808296253e-05
172,0.005533796237598259
173,0.9962153322195274
174,0.9885507253869041
175,0.9995552757437901
176,0.9873991202995622
177,0.9947297448423202
178,0.050592237481361955
179,1.5295599890291605e-06
180,0.9993618254771163
181,0.9969465609561827
182,0.012620368296915652
183,0.00685802510976171
184,0.012509127876180134
185,0.9887798196272204
186,0.01427874500152821
187,0.9989011034454905
188,4.638155311936959e-06
189,0.9999861796999437
190,0.7162210628358187
191,0.31131710735834967
192,0.9988011530684955
193,0.9979761831073166
194,0.0007998148301241427
195,0.0009660338764197557
196,0.00786210831078982
197,0.9844867574355247
198,0.9988304342777463
199,0.047144244035631465
200,6.129977940576536e-05
201,0.0018385952617962034
202,0.9975173922222562
203,0.02563663228311913
204,0.9980484330352317
205,0.3431590344482956
206,0.016340017802612645
207,0.9977125101194997
208,0.00019739878766326555
209,0.999916024011184
210,0.0019615710609235102
211,8.232980300779049e-05
212,0.9987868422515919
213,0.9998734416475211
214,0.06005702299277469
215,0.9925225513503451
216,0.9979134020154986
217,0.8894730407723648
218,0.9905885107098671
219,0.9475325808200558
220,0.5974595929576209
221,0.0022857439820253974
222,2.569390568129885e-06
223,0.9977314583394765
224,0.1038388678747451
225,0.9992300768328243
226,0.9968389166161026
227,0.0001204103128946338
228,0.9523504290469548
229,0.0045905779642820095
230,0.20509440439996832
231,0.6665241879312662
232,0.01768026244373043
233,0.985388664642189
234,4.186906609507038e-06
235,0.0028969947119906734
236,3.028118743654683e-05
237,5.002825043483514e-05
238,0.018616613958403486
239,0.013614087858395999
240,0.999882093248878
241,0.9235576057374513
242,0.004825382635833592
243,0.9998690024011468
244,0.9960230517778816
245,0.9592791529012702
246,0.8524806688083415
247,0.00012483573747260537
248,0.9928366622096566
249,0.9977797263236338
250,4.608973401841513e-05
251,0.3914731517306369
252,0.996564268740688
253,0.9716760420317894
254,0.00396433850214287
255,0.003741025024827262
256,0.02920090132231337
257,0.0012332277340497426
258,0.999936761792163
259,0.9955385428125157
260,0.9977363081467148
261,7.720157809519474e-06
262,0.9983485561638122
263,0.9943423804565255
264,4.830333616245595e-06
265,0.0004863689600558406
266,0.021569541815000755
267,0.9991266512310603
268,0.0013829510500519325
269,0.0009718957613052653
270,0.00018680906231307944
271,0.12830769036979095
272,0.9999596545432202
273,0.9534530655146359
274,0.9999134698100527
275,0.9998249698650211
276,0.0067354053707242515
277,6.608198454235314e-05
278,0.9991527654662741
279,0.9955076117933326
280,0.0732104646415758
281,0.9995951733906919
282,0.9315895472705015
283,0.9997467155491488
284,0.9999024965628674
285,0.9958708980699914
286,0.9974082112729983
287,0.9852399838232355
288,0.9994927926437016
289,0.036298600550973815
290,0.9984846783907461
291,0.00014829491580886365
292,0.0067235952892552055
293,0.00015340089273134988
294,0.9994546788191094
295,8.0243429396862e-06
296,0.9990590214276193
297,0.015518742300368765
298,0.9895153025175086
299,0.0004518652495247345
300,0.00011544362423738722
301,0.9980485891142982
302,0.006800840208024993
303,0.9988622712134025
304,0.9994782448818421
305,0.009818374070173453
306,0.9977763465990369
307,0.0005197396650870711
308,0.00011432605466832887
309,0.8325272564500407
310,0.9992688985735259
311,0.9999451690978735
312,0.7648764082395891
313,0.0038142713681624434
314,0.0003344847981075981
315,0.9993957287067236
316,0.99994282038547
317,5.478321240156119e-09
318,0.9662606792929923
319,0.9987368976955635
320,0.999253518868695
321,0.9998629144544862
322,2.8324926977367735e-05
323,0.00573142770928994
324,0.9975073651502516
325,0.9933646388050507
326,0.1665064083908932
327,0.9997557602295092
328,0.08454144510800378
329,0.9998868559103776
330,0.9840228320241422
331,0.9040658141007122
332,0.9997146258239318
333,0.992581360568239
334,0.0021367386518762435
335,0.0002778868659580621
336,0.010472078042829647
337,0.9995639017052479
338,0.16146272506670645
339,0.0005447563548656563
340,0.01094221857858328
341,0.050061971619205864
342,0.9940692333769905
343,0.9774974634348014
344,0.028476480369850243
345,0.9926983704437601
346,7.329080027069083e-05
347,0.9997376120846383
348,0.9746371667937108
349,0.9998981928368245
350,0.9840152803398048
351,0.9978201923487118
352,0.1639425960625243
353,0.9999579643176925
354,0.998632083070505
355,0.00039513853721445734
356,0.9999270016667287
357,1.2234699244655598e-05
358,8.656659147367265e-05
359,3.075622480644231e-06
360,0.10207975358427605
361,0.01923956809694896
362,0.997038266224477
363,0.0005650989721595536
364,0.9984885929704586
365,0.9962799811011863
366,0.9932096638370433
367,0.9784199624599005
368,0.9977426856093281
369,0.0005715444948921455
370,0.01283603939967763
371,5.469317920469805e-07
372,0.9998080952162209
373,0.008621913004546695
374,0.9977820567162881
375,0.9910674295958816
376,0.007554395100452821
377,0.9296524487441716
378,0.0007616154715395831
379,0.9982540722793127
380,0.9915650277896946
381,0.0021196541337145333
382,0.03248009769203864
383,0.9698373896133531
384,0.8862824957548991
385,0.9869231733702553
386,0.00010136871862879667
387,0.00013906813683531218
388,5.2446686265662426e-05
389,0.6346131730768184
390,0.9358999797016202
391,0.9983228448590958
392,0.2710744447120477
393,0.13226974943127962
394,0.027003194735870546
395,0.9918521018548035
396,0.004009081174363067
397,1.2129444019086923e-05
398,0.9739228224545093
399,0.1401218942875235
400,0.9999211114664756
401,0.9999226194324012
402,0.9793214278386285
403,0.025695476146255565
404,0.004356663718836195
405,0.010109738434002931
406,2.401736900435128e-06
407,0.141455561193903
408,0.022002491825704497
409,0.9994014448278934
410,0.9990237819518846
411,0.9842653482214728
412,0.006242659500855744
413,0.9768523644913185
414,0.002006061973891401
415,0.0007438303324132379
416,6.295306761038558e-05
417,6.317903287220524e-05
418,0.009639829162870624
419,0.7622713564435623
420,0.9999555481513458
421,0.00026657763311846796
422,0.9567786531022634
423,0.09359767601536294
424,0.9998695066120492
425,5.601547666184993e-06
426,0.9986031052441371
427,0.01130624431171414
428,0.00010859345651738537
429,0.7458210088807649
430,0.9924496259715437
431,1.2057606400376543e-06
432,0.004817095097146489
433,0.9947503328324021
434,0.0007150635326010166
435,1.721439234294703e-05
436,0.9989525630525304
437,0.9996950119513535
438,1.0808921680151441e-05
439,0.9864058949781083
440,0.9978355549218425
441,0.9904438620664366
442,0.00045537065738040535
443,0.004123673033299131
444,0.999804375917139
445,0.00047194378330000977
446,0.9999537858298352
447,0.9998799366541805
448,0.9939607204594808
449,0.0047894554050090625
450,0.08427313334454867
451,0.991679334975528
452,0.0001478815515961091
453,0.001426994634327914
454,0.0006430569077800634
455,0.20715160219219494
456,0.005432108285520146
457,7.389263242720831e-08
458,3.101237304130171e-05
459,0.013459945455681271
460,0.9979659281448341
461,0.006594820943593535
462,0.003158768679098981
463,0.9706896503804664
464,0.9976304498930522
465,9.266165154958408e-06
466,0.6813428632791775
467,6.40068729923095e-08
468,0.3780203591917086
469,0.002480011674304269
470,0.10654967228779885
471,0.9809607923412907
472,0.0009425976744602777
473,3.109481944271343e-05
474,0.9288607065887976
475,0.00265859062842293
476,0.0004224213204207769
477,0.08536557201024353
478,0.0018746384504245612
479,2.2828413397222577e-05
480,0.9995232274113192
481,0.9986887304478399
482,0.010194137040187944
483,0.9901708951684172
484,0.9934916402913928
485,0.0009130973688574387
486,0.9755918422066117
487,0.4601755416803719
488,0.9948534715254694
489,0.0003110763360226792
490,0.0003475056116024848
491,0.009766724022378243
492,0.014700916217760242
493,0.01670315907006368
494,0.9959169365920111
495,0.9995578397063183
496,0.9971088135766654
497,0.00022099098510546076
498,8.003472856095714e-05
499,0.22443132302026395
500,0.010426147574375702
501,0.0009677283331928748
502,0.9993388524391238
503,0.02111038261994311
504,0.9838181549135832
505,0.9999780355695254
506,0.0030081171956188174
507,8.489381619596323e-05
508,0.1161404248486805
509,0.0003638244684019894
510,0.9072928658424034
511,0.9779921933739035
512,0.002019084284133831
513,0.9946256826079534
514,0.9994988037451693
515,0.9982919201074492
516,0.8485827689327917
517,0.9998671160669165
518,0.9997199944084917
519,0.9876548147709725
520,0.0006901729592519375
521,0.999575796102151
522,0.7150968205532893
523,5.565575127327672e-05
524,0.008139310586443384
525,9.115601130085034e-06
526,0.9705903553478622
527,0.0034642471970144978
528,8.007977604981799e-09
529,0.002966883019708948
530,0.9949596667431458
531,0.9653361014886217
532,0.9999359697183176
533,0.9844988436756477
534,0.00987894648627658
535,0.000192698099564895
536,0.9989534751069883
537,0.9954664991818066
538,0.9972952009683358
539,0.9227818596012449
540,0.9882865630475338
541,0.8859370003686208
542,0.9937971888734984
543,0.9980033587058751
544,0.00011153738717851492
545,2.4236471303221032e-05
546,0.9535678515450906
547,0.999947282569885
548,0.9580656846936673
549,0.020686602887765564
550,0.9990758283474829
551,0.00047444476496236773
552,0.9760258650579031
553,0.9979722367954852
554,0.9469694251674506
555,0.9995674004320446
556,0.98207400965622
557,0.034171517716022025
558,0.9989311792930352
559,0.577019292498866
560,0.9999973093952068
561,0.004998278212171647
562,0.00011138384660990044
563,0.97746023003331
564,0.9980392850888653
565,0.9939925761116005
566,0.0013168564737091682
567,0.9939789759999698
568,0.2614562455279018
569,0.9998184725367264
570,8.510881641906331e-06
571,0.9956390829832629
572,0.9998757979783326
573,0.9967503525224445
574,0.9124311485725742
575,0.9467071676628088
576,0.9977658967359037
577,0.0005173108033806039
578,0.9982971108816987
579,0.8867554195811711
580,0.0035537263188589437
581,0.002776088271485644
582,0.9978884509955201
583,0.999901150831815
584,0.999539022177943
585,0.9999677249263403
586,0.00023823272536600988
587,0.00018231513083974952
588,0.9939837505024661
589,0.00037418944889054803
590,0.9999256382149352
591,0.9880308873894296
592,0.8066325361843246
593,0.9984419915194712
594,0.004368605958585568
595,0.9990235961492323
596,0.9943678974940128
597,0.9977576317800315
598,0.002248708717060424
599,0.0003031627454127145
600,0.03651263621861129
601,0.00538584267206767
602,0.016712642298718758
603,0.9998397062581592
604,0.9997992569422466
605,0.8936973949893767
606,8.017277363981412e-05
607,8.542316674055258e-06
608,6.190145523444771e-06
609,5.421970434812823e-06
610,0.00038790214115524925
611,8.419146096046948e-08
612,0.00011115357119886715
613,1.9708473914141242e-05
614,0.0005927447641050775
615,0.9991616234209392
616,0.0008743161869731986
617,5.4456341534064175e-05
618,0.00326686282136311
619,0.9891328835373747
620,0.003249650594416814
621,0.9593083613054986
622,0.2810051577960258
623,0.02728797553456632
624,0.011173404314289644
625,0.9947054033388498
626,0.9997670318937525
627,0.9995811189230117
628,0.9999492180687197
629,0.011888106489128518
630,0.9949578017661564
631,0.030158233718839765
632,0.7565092518655918
633,0.8822699177459289
634,0.1386069159797713
635,0.9977898713636111
636,0.974576820509111
637,0.9987251406856316
638,0.9970734244485977
639,4.389990563101074e-05
640,3.7541328485113505e-05
641,0.9957833654771737
642,0.9997154205494332
643,0.99993182829843
644,0.14803219950682267
645,0.9912320870763707
646,0.0002820341632739226
647,0.9995313180991127
648,5.768093001465339e-05
649,0.9314503889776912
650,0.00010602274346951898
651,4.92817894687237e-05
652,0.9934913867717536
653,0.9994276731301854
654,0.000578471606646458
655,0.000808654082005118
656,0.0013129459376844577
657,1.3643088656349752e-06
658,0.9981173059420229
659,0.9939737414451495
660,0.885682363651125
661,2.8321458749369677e-05
662,0.9983463514398584
663,0.037337750833331664
664,0.012704765524632212
665,0.9955578413997187
666,0.16779379345202433
667,0.001783334170195574
668,0.9986696469402263
669,0.9983691526075462
670,0.00023703448583512238
671,0.012507224026209405
672,0.00045582493462495015
673,0.9710626589964843
674,8.139342871981041e-07
675,1.6876414100660373e-07
676,0.9858479478355106
677,4.668931812963017e-08
678,4.032317282755443e-06
679,0.05895712847442356
680,0.39228599918938617
681,0.9983441852712449
682,0.0017559472409661666
683,0.9953134661849744
684,0.0008757783392558541
685,0.9998241428638264
686,0.9969253665935599
687,0.9992970916302157
688,0.990598986822317
689,0.0003642881876394802
690,0.9991619737820995
691,0.030986034680277
692,0.9957828015652946
693,0.05748109206638524
694,4.632001759703765e-06
695,0.999988029506706
696,0.9976222836931748
697,0.007498791860849786
698,0.9984819039186773
699,0.9750244665930178
700,0.9957330015679948
701,0.004625094926433897
702,0.07436264962617839
703,0.5687067421069936
704,0.9725664079961293
705,0.0029249842563085337
706,0.9986787357933731
707,0.9910820961341394
708,0.9992178569238224
709,0.9922148864664672
710,0.9999921329056175
711,0.00612003695885863
712,0.0031917320445059073
713,0.9986452510502942
714,0.004706536957538696
715,0.9896637457104179
716,0.982450783241632
717,0.9977424580638039
718,0.01766250720708148
719,0.002852929696434176
720,0.9995246447480065
721,0.9993055249277533
722,0.004085873467501955
723,0.9991539758849083
724,9.582156720727297e-05
725,0.0034794109856187624
726,0.0008831394999016596
727,0.9795908274700147
728,0.04707462564006283
729,0.7618867030501139
730,9.934222534686313e-06
731,0.9985847871252672
732,0.9437220251350769
733,0.006759530327037265
734,7.011735017304383e-05
735,0.9983655347232452
736,0.0004827806491427951
737,0.0009765278844554408
738,0.0001237627206741707
739,0.00015569007734566668
740,1.80303478297418e-05
741,0.9998496626748743
742,0.46778629862368076
743,0.978071105394589
744,0.9988391265561274
745,0.0004143621486959964
746,2.5201165151771294e-07
747,0.9991154087285895
748,0.9962734038626743
749,0.1838086443587296
750,0.0043121897242205925
751,6.277329861759768e-06
752,0.9985510802672163
753,0.9998432642542538
754,3.8092837459860005e-06
755,0.9128473879167495
756,0.023811389461333175
757,0.99413492540927
758,0.9982067624957645
759,0.028898684901322694
760,0.9995520571765861
761,0.6895184483565466
762,0.02520337448696552
763,0.010029050825471997
764,0.9986201667587471
765,0.0005074609046885987
766,7.397013412732345e-05
767,0.0015347722787567063
768,0.9988129329900269
769,0.0004886777845136133
770,0.00286198781575961
771,0.00020667214767931076
772,0.039979463686793434
773,0.6613010062876651
774,0.9519677435088152
775,0.9999323430072589
776,0.9986536956225239
777,0.002347266370593246
778,0.997635954705663
779,0.974790079581719
780,0.05800591565783424
781,0.9996749356257837
782,0.05216293162926832
783,0.9765042081301167
784,0.9964600772004251
785,0.7857001551009095
786,9.003714016719642e-05
787,0.004569119539037027
788,0.9982597649543464
789,0.00063015880178296
790,0.9980093135713228
791,0.9967785417113433
792,0.18285036650557998
793,0.9998708627804179
794,1.0268771824298676e-05
795,0.006158628864056375
796,0.999119310005946
797,0.00011986538154031863
798,2.367356468928784e-05
799,0.9835254236938307
800,0.9921585317599242
801,4.232135773894386e-06
802,0.008259823371353798
803,0.7597953360565288
804,0.9884256424343765
805,0.5507720361710206
806,0.031029609757120272
807,0.026734018380017332
808,0.9973195871334065
809,0.9997823691883129
810,0.9992553276826327
811,0.9996025186764049
812,0.00010799328454876462
813,0.126751480442938
814,0.05616284502419021
815,3.4574282723002734e-06
816,0.9749731093902895
817,0.9999219359738368
818,0.009052447993019878
819,0.023112114745583185
820,0.9968987001857231
821,0.9988338871759208
822,0.28173042544223165
823,0.00023527101090832584
824,0.0007408836760361032
825,0.002590362954808434
826,0.9999095423860648
827,0.9849150423258687
828,0.9773101436461294
829,1.2606271636865196e-07
830,0.006462971403766612
831,0.7788831229678765
832,0.22358396068936545
833,0.9197183478072553
834,0.9984212399564976
835,0.9979265839894937
836,0.9999892101791215
837,0.9845403151982507
838,7.591371860682898e-05
839,0.01408283377019375
840,0.9996969425649948
841,0.0004413844879269512
842,5.741631272049177e-07
843,0.9999001259701978
844,0.9958316038840619
845,6.678627159668928e-05
846,7.756503982880102e-05
847,0.9717390981971424
848,0.02031422123789435
849,4.443001530308908e-06
850,0.1308818667003085
851,0.12104966913320697
852,0.9979638504585178
853,0.8031804697172321
854,4.0258014198861704e-05
855,7.222822988931962e-06
856,0.39782703041531237
857,0.0016714123747118748
858,0.12945910777154923
859,0.990915166661854
860,0.9965337760320323
861,0.9550969056894852
862,0.00022737086300793303
863,0.005285510787625183
864,0.03972542582596541
865,0.0005876354601175312
866,0.009543833321958288
867,0.9980794619085749
868,0.06623935522466518
869,0.9936463180625832
870,0.0686006749906397
871,0.9978760478559128
872,0.9998190970961152
873,0.9988368949254584
874,2.2336554600213177e-05
875,9.947725496723013e-07
876,0.9999483304285417
877,0.9986501092676774
878,0.0041783099649904416
879,0.9972918087467135
880,0.017809134185503443
881,0.0010913531222562424
882,0.9999302892725436
883,0.9999793798923364
884,0.9939060101924079
885,0.8451116850526531
886,0.9999671523409736
887,0.0009713442283706207
888,0.9833251825580724
889,0.9968944576121268
890,0.9679500002634069
891,0.9990340513075042
892,1.811485315958025e-05
893,0.999857332232909
894,0.4803955356320239
895,0.9823805974870947
896,0.10106889729822775
897,5.064987119771121e-06
898,0.04549033232051063
899,0.006246293140582204
900,0.9994652497094308
901,0.000281984562240533
902,0.9784013074091598
903,0.001190520927232547
904,0.19006336132009577
905,0.935315112368797
906,0.9362049569304313
907,0.08459917946585024
908,0.9960153716693793
909,0.00035099019199625806
910,0.16793832634665734
911,0.9998990154227738
912,0.9988329775647762
913,0.0036459264209388696
914,0.012524286940027126
915,0.0027235230822074876
916,0.9990011435181713
917,0.9840357793262473
918,1.782962613791111e-05
919,0.9579165894677073
920,0.0003408460273448334
921,0.00014377303542991446
922,0.9948089168945936
923,2.058886637004076e-06
924,0.9996108200019889
925,0.9999694178078079
926,0.9997584042029309
927,0.06711032168092732
928,0.8935919900206112
929,0.0003227979527168863
930,0.9994089887899528
931,0.0012288673382227276
932,2.5477329936738305e-08
933,0.9957073266747426
934,4.63393933006871e-06
935,0.005214836547892385
936,0.9703653035601284
937,0.9999912319268494
938,0.020354904509991934
939,0.9950685739927126
940,0.9986063277096084
941,0.9369516637924719
942,0.028666539950541383
943,0.9983877552856487
944,0.9994867873004208
945,0.9986026107897882
946,0.9869823541969247
947,0.022053100477799188
948,0.9706973048312875
949,0.998770372547237
950,0.03774793747056637
951,0.9670926458952889
952,0.9935975171011598
953,0.9952375764838631
954,0.9978988041178702
955,0.011038433272517337
956,0.0007078047783834558
957,0.9871865506288678
958,0.9923021348353026
959,0.9985575769076565
960,4.750878997228759e-05
961,0.9987555682229086
962,0.9998628753927677
963,0.9982975829897711
964,0.7022499866346452
965,0.014977041759572216
966,0.04780983494648017
967,0.005851400343800989
968,0.004225473312550442
969,0.4055352596430573
970,0.3327889189554176
971,0.9998414517995711
972,0.00016437821020411162
973,0.9742593821083952
974,7.153610362236065e-07
975,0.04818031899258722
976,0.00019797419487652617
977,0.00303432720029152
978,0.04704252996992729
979,0.9817207730373441
980,0.9985236343088804
981,0.8747190269823354
982,0.9996543426631321
983,0.04054275197654074
984,0.0021765421274905898
985,0.9980646518959673
986,0.9489396474891911
987,0.118383318635718
988,0.9351023370930437
989,0.999978002709973
990,0.0004482037272668708
991,0.9995579633888828
992,0.9934261938523211
993,0.4181569923339442
994,0.9999872671125978
995,0.0026964357531465495
996,0.9912089821152881
997,0.0008495030153183042
998,0.9964934635177323
999,1.8193733590217028e-06
1000,0.003220658468632075
1001,2.2853272466441065e-05
1002,0.0004772727007709534
1003,0.6167695712955636
1004,0.8211729435272209
1005,0.24964988842916555
1006,0.006862247273378689
1007,0.0008409295425162513
1008,0.9925401414002415
1009,0.04605496292761992
1010,0.0012931653009065596
1011,0.9991819805946357
1012,0.00011978051869968744
1013,1.2653737402664516e-06
1014,0.011232681667200954
1015,0.002249043236836184
1016,0.9997313109458386
1017,0.9963496101172648
1018,0.00021402373619703067
1019,0.9979808299965328
1020,0.9982161402814688
1021,0.9999526010618054
1022,0.017873224043485993
1023,0.9997556440271776
1024,4.851634189521434e-07
1025,0.004260848991716024
1026,0.00012112323832046866
1027,0.009466151163897834
1028,0.9998241600228167
1029,8.913657249100832e-05
1030,0.03815263672544653
1031,0.0005065383423894503
1032,0.9947102966869198
1033,0.9949427682445058
1034,0.997240982006305
1035,0.9756440575896026
1036,0.03908122084887614
1037,0.9967668559111641
1038,0.9938130553361717
1039,0.9743400202344409
1040,0.03164109349733689
1041,0.9977005396480317
1042,0.9696840677356975
1043,0.8977328379269928
1044,0.9978239338953674
1045,0.9787147483735691
1046,0.9972842198200973
1047,0.00011094456017834775
1048,0.004368693932811351
1049,0.9959238356683061
1050,0.9933928961841949
1051,1.1930163030983622e-05
1052,0.7703673630315502
1053,0.9942470830554987
1054,0.005835078090843963
1055,0.0042283792200651805
1056,0.9962471620570795
1057,0.9498858247310747
1058,0.9871263560476095
1059,0.9504234702950154
1060,0.9969713319326379
1061,0.002245784405979322
1062,0.9756237219669815
1063,0.0031587380096856276
1064,0.00046261233098953764
1065,0.9673592965330243
1066,0.02375680990386605
1067,0.07489612074677439
1068,7.897251241336122e-05
1069,0.990835111622454
1070,0.9706270488463015
1071,0.9932730552058837
1072,0.00059561640445415
1073,0.9579847010433105
1074,0.01523415967481315
1075,0.973901746795121
1076,0.05274442446183705
1077,0.9831000528926301
1078,0.00040269708053363535
1079,0.9999916428047149
1080,5.3192412808818096e-05
1081,0.9985609088436871
1082,0.9997025406459074
1083,0.9990069042515516
1084,0.655347768620883
1085,0.981858373573449
1086,1.9452884234281616e-05
1087,0.0009730794765143357
1088,0.9999942650166062
1089,0.00024029013431558528
1090,0.9173042159980455
1091,0.9927443079586896
1092,0.00040816365056006964
1093,0.00013551798812878464
1094,6.972936809277982e-05
1095,0.1394257508168347
1096,0.9966912459640941
1097,0.020727836611674155
1098,0.9995122884762653
1099,0.33983820532883546
1100,0.9639017564186566
1101,0.9966854287074278
1102,5.3204810078651634e-05
1103,0.002010697698407158
1104,0.0002297783847605131
1105,0.9874208536813502
1106,0.9999945054884345
1107,0.5660882137455099
1108,0.002780300856538771
1109,0.9996842275479073
1110,0.001474269800936569
1111,3.4928708292051226e-05
1112,0.9993818773216919
1113,0.9862873059305062
1114,0.026468258358408676
1115,0.0010013049133323806
1116,0.00033847386633460366
1117,0.0010002337304739744
1118,0.9953426852052354
1119,0.9964600898066025
1120,0.7995026173664624
1121,0.025591697433407036
1122,0.9987551557115919
1123,0.0001041172825382438
1124,0.02555492449029853
1125,0.022495499287021693
1126,0.9970035676160416
1127,0.9848798841110707
1128,0.0028828457344398585
1129,0.9959691364064799
1130,0.9991466667504716
1131,1.256908129709012e-05
1132,0.0009569983469957504
1133,0.016599357579983622
1134,0.88129562385771
1135,8.40728650132028e-05
1136,0.9996422962281455
1137,0.9771036609187927
1138,0.9966507076997413
1139,0.9244467632656918
1140,0.0005908387065047258
1141,0.0005439151377591062
1142,0.9993271933583061
1143,0.9968755403815656
1144,0.040988308873032134
1145,0.9981151396520179
1146,0.9975464452745163
1147,0.010061994814512072
1148,8.402564867687398e-06
1149,0.9996873879592678
1150,0.98504111087109
1151,0.9921821098690262
1152,0.999076861891535
1153,0.9966730224001606
1154,0.9997279877045698
1155,0.37468227392253867
1156,0.9999939966192205
1157,0.9989703993679149
1158,0.0008412875827238874
1159,0.9997467208096428
1160,0.9997795913842094
1161,0.45670317388023807
1162,0.9973098408788322
1163,0.9999905152729547
1164,3.6885117331050435e-06
1165,0.9194728608517497
1166,0.13316596399483774
1167,0.9981724775279486
1168,0.9990074945999948
1169,0.011514712609614548
1170,0.0009138124973247056
1171,0.021049948557218184
1172,0.9999703319991482
1173,0.0005366038871043599
1174,0.16953018835687486
1175,0.9999253861204348
1176,0.7179825659450769
1177,0.9996885490643334
1178,0.9923561677363508
1179,0.9993866333358273
1180,0.988998609664183
1181,0.9996357933897156
1182,1.0720613154524533e-05
1183,0.9982673921298941
1184,0.9999878782048991
1185,0.00019769887181231006
1186,0.9982244479150182
1187,0.9947388652127992
1188,0.9348396151003187
1189,0.09907865781373576
1190,3.259767607008214e-05
1191,0.000988395201460935
1192,0.9977904908940091
1193,0.013133602344493234
1194,3.491574958798564e-05
1195,0.01831963774008198
1196,0.9985656701498882
1197,0.9997701966581647
1198,0.0025238652167351577
1199,0.9287283440219087
1200,0.9990401917383718
1201,0.9904874895905497
1202,1.7690765618558337e-05
1203,0.0782978903674376
1204,0.8285632160049865
1205,0.9981022294453663
1206,0.042546420917668935
1207,0.0016708686250626037
1208,0.9997798981206272
1209,0.9995976654563801
1210,0.04931267153359962
1211,0.012097395128889845
1212,0.001224670936212583
1213,0.9958936197176365
1214,0.9996213538254952
1215,0.9982455103731362
1216,0.7591356908001137
1217,0.008086043163896654
1218,0.00010138761127369286
1219,0.9999493525553553
1220,0.004135661014532778
1221,0.0004955833049243091
1222,0.9977850019490019
1223,0.9998099990402812
1224,0.005071099844357293
1225,0.00012167477929812106
1226,0.9995559206673733
1227,0.00047217678652920926
1228,0.0005444006782292511
1229,0.9996868224199363
1230,0.9994337347489783
1231,4.076625492048365e-06
1232,0.9756950225728767
1233,1.9173227823248586e-05
1234,0.9977023510099463
1235,0.0001440732765359227
1236,0.997981106941846
1237,0.9963268469980081
1238,0.9989207560228088
1239,0.9936468224608753
1240,0.020531143054453912
1241,0.9972365751562406
1242,0.9999853222572194
1243,0.00015225296822023396
1244,0.007840661399432384
1245,0.906313073376337
1246,0.9999585497473913
1247,0.9927960171776508
1248,0.992273499606112
1249,0.9994222519607282
1250,0.9843306250336309
1251,0.27431872573334526
1252,0.00535904056425045
1253,3.0550848231508304e-05
1254,0.9984446764869908
1255,0.7720721620932338
1256,0.9679134895366134
1257,0.9949889819631383
1258,0.9938392950437964
1259,0.9999089708518152
1260,0.9322811134850255
1261,0.9999959900487503
1262,0.9811865029240168
1263,0.004475736039790214
1264,0.00012067775323262502
1265,0.9973394711653617
1266,0.10928874762375679
1267,0.99703585168571
1268,1.4566706718979281e-05
1269,6.720395469715664e-05
1270,0.1989104867907204
1271,0.9884715282998753
1272,0.00020157265925110698
1273,3.467243374596708e-05
1274,2.7692040368043135e-05
1275,0.9987096881773967
1276,0.9986167046220212
1277,0.9998483578089705
1278,0.9999301654135929
1279,0.05758136392931896
1280,1.8939473471109683e-05
1281,0.08564464530777394
1282,0.9992360066816389
1283,0.0009304258368369374
1284,0.4822810231384603
1285,0.999553597700109
1286,0.9990537774082209
1287,0.04272581474160633
1288,1.3556508020331908e-05
1289,0.01032766648369093
1290,0.9999540241092011
1291,0.9072956876666673
1292,0.0008202067711690646
1293,0.999805351492432
1294,0.9999593963635434
1295,0.9999376424708045
1296,0.9995778606875944
1297,0.005392674164515093
1298,0.9995200592781806
1299,0.997965754448453
1300,0.991601140229975
1301,0.05256322179276344
1302,0.9007390632439951
1303,0.999931523355541
1304,0.012916511068929786
1305,0.026001520347780097
1306,0.2769085610097233
1307,0.0042959042888330015
1308,0.002552227093249013
1309,0.9995873489147187
1310,0.8943779065009656
1311,0.9993310966403904
1312,0.004669462961558791
1313,0.8864400946958115
1314,0.9998411483821921
1315,0.00018497355131580557
1316,0.0017733012423934423
1317,0.9990683749502606
1318,0.05522922715656292
1319,0.9996572768782075
1320,0.004731252202884038
1321,0.06998581140697216
1322,0.005236383002974266
1323,0.9893284238221952
1324,0.0016605486862713188
1325,0.9994074133392308
1326,0.06894754274318436
1327,7.526847873159086e-08
1328,0.00389370602409857
1329,0.9999832636060736
1330,0.9789653596244373
1331,0.003176566132362205
1332,2.3471200715654766e-05
1333,0.02330597025234164
1334,0.0038971733666099575
1335,0.0012944311870377132
1336,0.2706162947731108
1337,0.0007890302546245454
1338,0.9964801834229271
1339,0.9998206940742739
1340,0.0025360378126370866
1341,1.4043639342538366e-05
1342,0.976433825945796
1343,0.9999795005165457
1344,0.009054509882552195
1345,5.223291875633732e-05
1346,0.9997238523593331
1347,0.964894097200135
1348,5.037058587359125e-08
1349,0.9933915175668563
1350,0.9982775736538018
1351,0.9996136885686838
1352,0.0008812907746091646
1353,8.728228696621901e-05
1354,4.473560575277374e-06
1355,0.003967433148550824
1356,0.9996398776808229
1357,1.1219332778677236e-05
1358,4.686639576201614e-06
1359,0.9962337214212375
1360,0.9991671546213784
1361,0.9855720979279327
1362,0.9912494616564463
1363,0.0016936761521443597
1364,0.0008596808990260409
1365,0.5410207873856598
1366,0.9999706456552634
1367,0.9953872976045279
1368,5.806660150583167e-05
1369,5.06597852771887e-05
1370,0.000921609343479738
1371,0.0015635767525633457
1372,0.9995189453734732
1373,0.006999875910320662
1374,0.0002572540412290268
1375,0.007601679738492716
1376,0.9964260961168112
1377,0.9999998152459529
1378,0.07978113183913538
1379,3.187614308295744e-05
1380,0.02078718219545705
1381,0.9943677359835416
1382,0.998602063490996
1383,0.9964785259976126
1384,0.0008017072785984141
1385,0.9992788311996074
1386,0.004210541110259737
1387,0.021681253639917825
1388,5.688183610292813e-05
1389,0.0028492432779819708
1390,0.0013997398953616152
1391,0.983009278518196
1392,0.998504925884975
1393,0.0005854082173365453
1394,0.9762769086670501
1395,0.01609472359992409
1396,0.9959586906026375
1397,0.9987859045964532
1398,0.9957182186593403
1399,0.983511415832761
1400,3.6184904007917485e-05
1401,0.9874422178913765
1402,0.9997826129536257
1403,0.9988218834622025
1404,0.00047306255003265
1405,0.8227251465186433
1406,0.9954935652976559
1407,0.9992181718891155
1408,0.34512473839515684
1409,0.00013145506413743304
1410,0.04037660789767847
1411,0.9979041164778358
1412,0.6421943815700635
1413,0.9968917710007039
1414,0.0237462212863873
1415,0.0899209201244885
1416,0.9965238705352546
1417,0.972754061247025
1418,0.5270379125789452
1419,0.9993049614221895
1420,0.005607320312735819
1421,0.10346005977904307
1422,7.868179531193967e-05
1423,0.11495838189895748
1424,0.999752531000437
1425,4.0642512044074765e-05
1426,0.9986605075609755
1427,0.9104410357458779
1428,4.4716392015419544e-06
1429,0.999934556502742
1430,0.00027857367077870076
1431,0.9961352702168368
1432,0.005983351321779298
1433,0.9650628309170204
1434,0.0015678668904983645
1435,0.010662892678499734
1436,0.9927116251707624
1437,0.00010734884626766544
1438,0.9931608439249543
1439,0.9998830180477742
1440,6.323621897390516e-05
1441,0.999055998109547
1442,0.002019918970338083
1443,0.0027030967573118824
1444,1.79724727887237e-05
1445,0.23124318621975082
1446,0.7852567522761722
1447,0.0650169390271634
1448,1.4962428869090442e-05
1449,0.0007221942935640463
1450,0.9808277042733018
1451,2.269131721825009e-05
1452,8.514517037886324e-05
1453,0.9853790920895628
1454,0.9962852892215825
1455,8.582505500122635e-08
1456,0.021183627000609474
1457,0.00016277374654296146
1458,5.9064827672811016e-08
1459,3.4559838153305566e-06
1460,0.003405710114282067
1461,2.6794512102271846e-06
1462,0.0003541764600578015
1463,0.9739126505889045
1464,0.9997781817952723
1465,0.9948485949913766
1466,0.0006254832867010216
1467,0.02278833024986337
1468,0.05498690859600857
1469,0.9741390754723455
1470,0.9991930153112306
1471,0.9983940253330285
1472,0.999890419521863
1473,0.0003773920928487345
1474,0.99968840619274
1475,0.9987187870531691
1476,0.00041371050042345703
1477,0.018893453433203346
1478,0.00018908472934692387
1479,0.9989475617423706
1480,0.9918931596879347
1481,0.9971008714016747
1482,0.02055744961329688
1483,0.9997997585209136
1484,0.031150932936696976
1485,0.0017402427213845223
1486,0.9996958133346119
1487,0.5627891007501581
1488,0.9993645294314016
1489,0.08147918682874139
1490,0.0005298661384662908
1491,0.012866650165265505
1492,0.9999197198347134
1493,0.9997619506564708
1494,0.001978243998738349
1495,0.9992703231477763
1496,5.571378380940342e-05
1497,0.9942744440160346
1498,0.9977471744002713
1499,0.0077162359667915775
1500,0.9999624883921927
1501,0.06770854245936257
1502,0.9777889606491902
1503,0.013840235036085731
1504,0.999444005000014
1505,0.016930140476955215
1506,7.628156940509897e-06
1507,0.9693164428802612
1508,0.059934129333956365
1509,5.5001058505255805e-06
1510,0.9958662273003628
1511,0.0007479407505852683
1512,0.9981090756826442
1513,1.3430438243390708e-05
1514,1.1812135046633533e-06
1515,0.8964187970669912
1516,0.28449475879384795
1517,2.3870104840217996e-07
1518,0.641053183946828
1519,0.9998753383344527
1520,0.999888138224616
1521,0.9930304501608189
1522,0.010744519670862835
1523,0.0035783458860309415
1524,0.9860100727033098
1525,0.9986127596176508
1526,0.8443369067654823
1527,0.02680487105192047
1528,0.997056117959133
1529,0.002008324502743894
1530,0.9816665467960906
1531,0.00930786784853333
1532,0.03149694966651803
1533,0.000343882349390505
1534,0.9978077226119593
1535,0.9865147376241574
1536,0.9998519419472057
1537,0.9971074643192395
1538,0.019006513117168868
1539,0.00019316647904400486
1540,0.9667235355231981
1541,0.023902314807954732
1542,0.010142585318644766
1543,0.15900235750601516
1544,0.9998685681576098
1545,0.9998618735913366
1546,0.9445266011290396
1547,0.0017454237339372524
1548,0.9992448550275078
1549,0.9985001385656194
1550,0.999792174205848
1551,0.9991105575272881
1552,0.9866728820750764
1553,0.9499294918797222
1554,4.9351721547578104e-05
1555,0.034363180130455855
1556,0.0008643384773848345
1557,0.10474354082693303
1558,0.9994433472831126
1559,0.000244351824277385
1560,4.711259476551354e-06
1561,0.9955725787849959
1562,0.9949461747327116
1563,0.9835888592479977
1564,0.6500893045858095
1565,0.9730794962448306
1566,0.974634975801839
1567,0.99774464930749
1568,0.0004986443490519297
1569,0.12162018300215852
1570,0.9931330905896705
1571,0.999711177241576
1572,0.0020737223027019855
1573,0.5735264615781576
1574,7.798052547499796e-06
1575,0.9999531088400468
1576,1.764018844666961e-06
1577,0.9942527144374139
1578,0.9977860513339433
1579,0.0056778152958674236
1580,0.11947188762967266
1581,0.999885442101692
1582,0.027343770728538875
1583,0.9958117463735023
1584,0.9509064858851248
1585,0.7867622412600037
1586,1.9451076182864058e-05
1587,0.009896745647743356
1588,0.9997839454484629
1589,0.8256296462138519
1590,0.9606516256721842
1591,0.8445851864846011
1592,0.002079933009662873
1593,0.9799765281937397
1594,0.0007451723494581609
1595,0.009204194911608078
1596,0.00978279912316358
1597,0.5695413138726135
1598,0.000895888097544104
1599,0.007692994308162675
1600,0.97864127856702
1601,0.011996776207040838
1602,0.9955767014551474
1603,0.004338480162902613
1604,0.06443050086940241
1605,0.9998555844227983
1606,0.002969165724470334
1607,5.1759308645115215e-06
1608,2.6745310880246404e-05
1609,0.9996664932152804
1610,0.9587530335147041
1611,0.9996764254134886
1612,2.3077593258606662e-05
1613,0.9989948743910154
1614,0.9979899443638808
1615,0.002959135219904029
1616,0.17785579047589226
1617,0.04114671015328429
1618,0.0020093090789234684
1619,0.8761756319570133
1620,0.14673112709653052
1621,0.00019738664167227057
1622,0.4640468759069348
1623,0.9999918651242957
1624,0.9999956307699034
1625,6.224675608179021e-06
1626,0.9923620939371179
1627,0.02274903756637875
1628,0.0015972108634989227
1629,0.9998384267553573
1630,0.9999649097104311
1631,0.9988804141509502
1632,0.005017902729379918
1633,0.00030550569585736644
1634,0.05542917393076191
1635,0.008338750517953318
1636,0.8924666611859645
1637,0.8891416931671754
1638,0.9807670423222363
1639,0.996236567571192
1640,0.9987901569614562
1641,0.004772409470416752
1642,0.7964163358636069
1643,0.9987747279745679
1644,0.9993858958113934
1645,2.778940425399465e-05
1646,0.9508257288509361
1647,0.998837101687994
1648,0.9998823204151261
1649,0.9998673854992309
1650,0.0012150497797686734
1651,0.9961076857141046
1652,0.021234266262928698
1653,0.08692928903933307
1654,0.035604064440839425
1655,0.4307024523344974
1656,2.8300459180601186e-05
1657,0.999862903640003
1658,0.9992275634910975
1659,0.009855161664805283
1660,0.7018187624321969
1661,0.9966536978156936
1662,0.9814506766534732
1663,0.00018496332931085236
1664,0.003678283007556637
1665,0.0018893695660572552
1666,0.8999237877087995
1667,0.9962248595772683
1668,0.016406892546580103
1669,0.010259002654912365
1670,2.2520408465159026e-05
1671,0.9998797553119808
1672,3.8388038873678445e-05
1673,0.998409379095297
1674,0.9998421373230048
1675,0.06783847410765556
1676,4.973899958582364e-05
1677,0.9863440208349791
1678,0.970802134214058
1679,0.02168977696654874
1680,0.012499017803619318
1681,8.003826404168507e-07
1682,0.9947078374272712
1683,0.00012328344854251318
1684,0.9970133325706487
1685,0.00946539871986958
1686,0.9992000040441656
1687,0.98662855012419
1688,0.9844992095849631
1689,0.9988170245001513
1690,0.9973766358648805
1691,0.011024220372537002
1692,1.6851386235924545e-05
1693,0.9999309479201716
1694,0.0004082855655338186
1695,0.9859992275398558
1696,0.9871597603768615
1697,0.9240304167386119
1698,0.0020857188457837927
1699,0.014578408633102143
1700,0.9937280409003653
1701,0.967310209861834
1702,2.7496998124579935e-06
1703,0.9921699824291146
1704,0.9873852119008619
1705,1.9633810632241684e-05
1706,0.9947599938442507
1707,0.0025313153212530273
1708,0.8899399370718506
1709,0.9972731982835115
1710,0.9404072487606316
1711,0.9999844273699999
1712,0.05781504778002737
1713,0.001597747543616318
1714,0.37493602552641125
1715,0.9974551950056328
1716,0.0008619574146536917
1717,0.00013693853172846
1718,3.3965939233421693e-05
1719,0.00020528189739075603
1720,0.895558336874493
1721,0.005092875357080605
1722,0.9953061852992355
1723,0.9992605682172693
1724,0.9997771901708767
1725,0.000298935940263005
1726,0.9924852576843138
1727,0.9999325166771028
1728,0.01098928689723343
1729,0.005187164726746463
1730,0.9614864965522074
1731,0.998208461860747
1732,0.9998148756920091
1733,8.280659965071728e-06
1734,0.004796568877301582
1735,0.9992873603318342
1736,0.43144401815672134
1737,0.381420691563176
1738,0.03859339980318459
1739,0.997424534193201
1740,0.99995783875854
1741,0.7929320060049165
1742,0.9999551791995379
1743,0.0008039160362181643
1744,0.0005449246905244216
1745,0.9886431210849328
1746,0.9991788658145612
1747,0.5055710187529229
1748,0.00024140019523347648
1749,0.9566457779766669
1750,0.9944349281338679
1751,0.0035775127859542736
1752,0.9655167089888204
1753,0.0021488227582738195
1754,0.003544361248706853
1755,0.9962384372467401
1756,0.999654521078908
1757,0.0013208290989193945
1758,0.9679480238308482
1759,0.006816533517449393
1760,0.9728236819005046
1761,0.00672107324342904
1762,0.00031698070660928147
1763,0.9966716938620583
1764,0.9977728348064417
1765,0.9998789804241741
1766,0.9999118148960271
1767,0.0013104099735049915
1768,0.0010720955773170376
1769,0.9974104947856799
1770,0.005576959778869809
1771,0.8530347171646879
1772,0.999839265344942
1773,0.011529175487660862
1774,7.982133958722511e-05
1775,0.654753958062177
1776,0.844649082858706
1777,4.75486248559652e-05
1778,0.004452258981261748
1779,0.000102007218062133
1780,8.941233483075252e-06
1781,0.05663319064120324
1782,0.00010870272588506574
1783,0.23752386697196837
1784,0.006467474338156663
1785,0.0006767987846659212
1786,0.00011402030292186451
1787,0.9974813458647944
1788,0.0035300209090270572
1789,0.9999838952038814
1790,0.8010232458733538
1791,0.0019393152148708254
1792,0.9766208104714506
1793,0.9940693514060464
1794,0.9985661260242463
1795,0.9989853219067532
1796,0.001314305434564506
1797,1.2592979226672214e-06
1798,0.012862528059958453
1799,0.7087609990262063
1800,0.000960656954182479
1801,0.9989964849738725
1802,0.999965084536137
1803,5.661629917030799e-05
1804,0.0034941322785179887
1805,0.0738733320612817
1806,0.007915221761969739
1807,0.9995287425359372
1808,0.00019958366752239305
1809,0.0011512415975277546
1810,0.012429983590293812
1811,0.0001507879937763487
1812,0.9997248504601377
1813,0.0015902424068838063
1814,1.456207233769186e-05
1815,0.003996731066887694
1816,0.021044687577725416
1817,0.7316318173394739
1818,0.9995913989973982
1819,0.9988862971819475
1820,1.1241707317277278e-05
1821,0.9994415762085418
1822,0.9924068016796431
1823,0.2663214533930408
1824,0.0013623852763479647
1825,0.0002391023740263364
1826,0.03816013555199022
1827,3.357047229304378e-05
1828,0.0169095891164636
1829,0.9966002453560382
1830,0.969852841923522
1831,0.9934577908434662
1832,0.9999663159937294
1833,0.9721182704648409
1834,0.9761070284454885
1835,0.7086394761702205
1836,1.941583211268863e-06
1837,0.0025794560921973235
1838,6.762562577871313e-06
1839,4.3034592360261716e-07
1840,5.920578242018807e-06
1841,0.0004266301988658465
1842,0.9998064791174517
1843,0.909444204829065
1844,0.9921051892064027
1845,0.036228739390700364
1846,2.0039963474778464e-05
1847,0.9987836019630957
1848,0.00010097361287703288
1849,0.7531205829000219
1850,0.9968591136903193
1851,0.9997397597674316
1852,2.916270113188507e-05
1853,0.9820639800957213
1854,7.557104174109761e-07
1855,0.994842815103357
1856,0.06769750965737792
1857,0.001793731546692159
1858,0.9928440905294932
1859,0.005117565695673512
1860,0.09214634705679384
1861,0.9967428708242937
1862,0.004784588106455828
1863,0.24324378636803193
1864,9.059474088071578e-05
1865,0.09841055639501854
1866,0.9836126113229984
1867,0.918908717937916
1868,0.0078884958991746
1869,0.9998716322337217
1870,0.03382172859409541
1871,0.9992862012828059
1872,0.0036439068740389434
1873,0.002375490650951292
1874,0.0028396067683215077
1875,0.9802195073914568
1876,0.0006284981234789206
1877,0.006078399495567191
1878,5.9754524236618585e-06
1879,0.015330201274031565
1880,0.0946675130696964
1881,0.9985537209187302
1882,0.012601337875778334
1883,0.011153529135107693
1884,0.000689019905317102
1885,0.12335711938598766
1886,0.9895330127410812
1887,0.0009720136440352718
1888,0.0005399288755376338
1889,0.3066418825581253
1890,0.9977135599542262
1891,0.00021831018140976277
1892,0.9960764369893581
1893,0.1564908535402141
1894,0.9974663982736478
1895,1.420872071536597e-06
1896,0.00012785585874227644
1897,0.9986413998955523
1898,0.9999544091175313
1899,0.9906031124833711
1900,0.963463533593605
1901,0.9862547028620093
1902,0.9998208656880125
1903,0.9999886751827953
1904,0.7593052364732923
1905,0.9921024184340949
1906,0.0004929200369106669
1907,0.3918195062005959
1908,0.9918580562804509
1909,0.9898597409827867
1910,0.0013998346820847482
1911,0.011280284937594478
1912,0.07601622897682592
1913,0.9983944251253674
1914,0.9997923097355922
1915,0.004295843779372765
1916,0.9823237376502535
1917,0.0030665813927258606
1918,0.02276474179334152
1919,0.09505718146519712
1920,0.999798584378743
1921,0.9999564903203068
1922,0.8709613505239575
1923,6.044907317598018e-06
1924,0.0521860551367608
1925,0.0004516011688051095
1926,0.9995119128250771
1927,0.9998684888103447
1928,0.010279149083731011
1929,0.05147178422885437
1930,0.002006141180016036
1931,2.3413625658384417e-06
1932,0.0017021128187403199
1933,0.9984284000685016
1934,0.028179375695505444
1935,0.009878841980344694
1936,0.92016815489586
1937,0.00016323047207604237
1938,0.005845901129399756
1939,0.272910725371551
1940,0.9981507046993227
1941,0.9991525308950475
1942,0.9991874788686768
1943,0.9912950435174142
1944,0.995071025169138
1945,0.9999731563456573
1946,0.9944908660618561
1947,5.4219409732699435e-06
1948,0.8975940979051161
1949,0.9990115475976906
1950,0.962779118960111
1951,0.9997320192407841
1952,0.9998128077825541
1953,0.9952383665774037
1954,0.00011477092873283944
1955,0.9998648299672107
1956,0.0015538489353137685
1957,0.8082183429746628
1958,0.06988465459130618
1959,0.0005574795159535646
1960,0.13841244539941344
1961,0.023571557622075082
1962,0.0027920176134626066
1963,0.993152039682039
1964,0.9999252806588154
1965,0.12689174509781337
1966,0.015793621420066684
1967,0.029484284111155654
1968,0.9946528750952949
1969,1.3302891579107423e-05
1970,0.0007301177463067507
1971,0.9033348453005458
1972,0.0012967104095380167
1973,2.590417740669251e-05
1974,0.011202034392460702
1975,0.030572073637719927
1976,0.008717757447812051
1977,0.8644175579693066
1978,0.032853179103791603
1979,0.6144130057872865
1980,0.6278019080797246
1981,0.0004983705809531594
1982,9.444561107568469e-06
1983,2.9803867934310813e-05
1984,5.887644903023421e-06
1985,2.0016688195698333e-06
1986,0.0006727685278028775
1987,2.761540498699481e-05
1988,6.9311969577977e-05
1989,0.0003926193084270079
1990,0.014964400157919984
1991,0.9988760497008052
1992,0.9995786302898152
1993,0.9997909515629901
1994,0.004288080626223721
1995,0.9457407399385268
1996,7.813772045325031e-05
1997,0.0032119075721822946
1998,0.008026775147341859
1999,0.9987832995852368
2000,0.999993754645509
2001,0.0063048522090474735
2002,0.9887755890114007
2003,5.762885306581822e-05
2004,0.9999820528730955
2005,0.9993456090184355
2006,0.8784121667822925
2007,0.08180485490909356
2008,0.0001071023000194442
2009,0.0047300350960893835
2010,0.0012680279377418966
2011,0.9992248154058103
2012,0.2596799573903403
2013,0.9890191581248602
2014,0.9879355495076849
2015,0.9831248310537704
2016,0.0018478133399144054
2017,3.0388118914320927e-05
2018,0.9905835796491204
2019,0.9941003001870781
2020,0.0039030109695372627
2021,0.8395286255029164
2022,0.00025227011644046526
2023,0.9967916774194501
2024,0.10076669581364053
2025,0.9987480346667739
2026,0.9969654753444874
2027,0.7910023685976291
2028,7.5738689213290594e-06
2029,0.997011178603687
2030,0.9684150820315484
2031,0.1583195217723502
2032,0.9978744380606942
2033,0.9860770984603932
2034,4.015404800301e-05
2035,0.00107510564610373
2036,0.7155958406906106
2037,0.9960206166453115
2038,0.9966546697987624
2039,0.014196677321672208
2040,0.002230938421408246
2041,0.9963569696233449
2042,0.9998139211992294
2043,3.135160598992024e-07
2044,0.9993645972110392
2045,7.010635644320424e-06
2046,5.726778470149672e-05
2047,0.016947771299209484
2048,0.719338207804305
2049,0.9984311168168098
2050,0.0008647213068888117
2051,0.003326731174217986
2052,0.007649970438539748
2053,0.0002781163753388973
2054,0.0007969634893676231
2055,0.0008563738257943506
2056,6.02286816262767e-07
2057,0.9629150152385164
2058,1.1544793087743766e-05
2059,0.9994484701842139
2060,0.007242302450104494
2061,0.9861529345490769
2062,0.9999561430201519
2063,2.537462194087265e-05
2064,0.021713957500881315
2065,0.8957273851736708
2066,0.005446399687947576
2067,0.9994156128100302
2068,0.999492463284573
2069,0.0006797519470826959
2070,0.9887585892213552
2071,0.32608641764343455
2072,0.5398383124903133
2073,0.01054792608794254
2074,0.7846480565533224
2075,0.9980433943713498
2076,0.0016934485248312724
2077,0.9372187147772323
2078,0.9990516848815778
2079,0.054494694489079995
2080,0.005688036514724835
2081,0.004740446025663345
2082,4.384381766222794e-05
2083,0.9919768939523556
2084,0.9994696801275836
2085,0.00010848442202390523
2086,0.0009171917535932091
2087,0.9558481317745349
2088,0.9997970440030842
2089,9.807576190647672e-06
2090,0.9977716149055501
2091,0.9963701191664841
2092,0.9840048334464165
2093,0.43598078517070527
2094,0.07002913322373218
2095,0.9956117280665521
2096,0.5255285903171729
2097,6.426415053188553e-05
2098,0.9986980068143138
2099,0.13993422164146777
2100,0.9933212458443623
2101,0.0028701000036951093
2102,0.999958524427324
2103,0.008835247228372605
2104,0.06593197205938964
2105,0.13576729198864745
2106,0.9857024842316819
2107,0.9981830314039012
2108,0.9999811111373945
2109,0.9904192691161132
2110,0.0002477544980554487
2111,0.04078648561175284
2112,0.9992145327570305
2113,0.034489285888570365
2114,0.9423550643492483
2115,0.00043238576613749435
2116,0.0005339673553639231
2117,0.00010241261618279581
2118,0.0011365980398194636
2119,0.9995781772539425
2120,0.0002062461223692943
2121,0.0017385489778166628
2122,0.9996103580508156
2123,0.9990326386509606
2124,0.8150361330564441
2125,0.0008316497676367796
2126,0.02108209870097647
2127,1.6603442572991732e-06
2128,0.023339053569554295
2129,0.00029826925112865334
2130,0.050681405574082655
2131,0.792026325744908
2132,0.004727794015506953
2133,0.9998498425217728
2134,0.9992144931021599
2135,0.004079032488453224
2136,0.9986255586733018
2137,0.9997940566450357
2138,0.9914795410576114
2139,0.9998417356310181
2140,0.9590418623283004
2141,0.9956515022068894
2142,0.946207784850901
2143,0.007453806573758322
2144,0.9981348517670982
2145,0.9495158890704672
2146,0.835488517018229
2147,0.018314872137891746
2148,0.9993089271366217
2149,7.414801867935408e-05
2150,0.9998010372029552
2151,0.9932881982008838
2152,0.9931269648499991
2153,0.875812656031879
2154,0.9999609669713514
2155,0.005922574612482328
2156,0.009002092987399148
2157,1.0764402923909312e-05
2158,2.9852705425215513e-05
2159,0.036823549380905214
2160,0.9254293210750535
2161,0.0857787165388357
2162,0.9997889890363516
2163,0.9977715546088921
2164,0.9991596084400662
2165,0.9947368062658148
2166,0.9976628837890323
2167,0.999954096725747
2168,0.002364921937413727
2169,9.279741995286741e-09
2170,0.009182951586208092
2171,0.995676535234022
2172,0.999960119677404
2173,0.00426100663275408
2174,0.9999414252994087
2175,3.6542677977205786e-05
2176,0.9631454021327118
2177,0.016705803560387793
2178,0.00044437708397846034
2179,0.9969642355475172
2180,0.9995109121663259
2181,0.03293813735269899
2182,0.6197347962710776
2183,0.031536232133784634
2184,0.9978460439233222
2185,0.010979637547024499
2186,1.9548069986548985e-09
2187,0.9993351685770175
2188,0.9963599421190444
2189,0.9509807316116328
2190,0.987179970240615
2191,0.7116571169817762
2192,0.9990382624674838
2193,4.838843544088269e-06
2194,0.9991007554170439
2195,0.00869263496899298
2196,0.31891666484418885
2197,0.9379494155448461
2198,0.9995606537578063
2199,0.0001627351087161167
2200,0.9954646568533356
2201,0.9994530318113523
2202,0.9996086077741959
2203,0.0004567329368474869
2204,0.009257483751862649
2205,0.9997781059888118
2206,0.9999072826605306
2207,0.006021235037009224
2208,0.9993933759292709
2209,0.9986828286816198
2210,0.0006896246039381073
2211,0.0002840123174773101
2212,0.9956427887251763
2213,0.055315911280082515
2214,0.009492780271379682
2215,0.6559421134711577
2216,0.9995848861024601
2217,0.9795258284527826
2218,0.9292924730478705
2219,0.43680517980771666
2220,0.8708486075570755
2221,0.7085517596964117
2222,0.9998643199397866
2223,0.9994193641773477
2224,0.0003522082860368437
2225,0.9924167157305257
2226,0.9997859580931814
2227,0.9987042871541342
2228,0.9850401325036479
2229,0.994908893513727
2230,0.0010547246800595683
2231,0.0050360480281633115
2232,0.4062463569596615
2233,0.04563060982722364
2234,0.089948969447783
2235,0.9963874858193601
2236,0.9562414045602095
2237,0.00030220914590503085
2238,0.9950750074210122
2239,0.006314523382855677
2240,0.998785491230288
2241,0.9999956836468912
2242,0.9974299120222443
2243,0.0010571883068777178
2244,0.9992983925966488
2245,0.00017789886219833975
2246,0.00013909908113345982
2247,0.9997284833916305
2248,0.000523609394980077
2249,0.0004240209277886969
2250,0.0008168902213031507
2251,0.9989135420145864
2252,0.9954238412166926
2253,0.017841310635974918
2254,0.00020976017158653475
2255,0.9996499165212156
2256,0.9986493549088437
2257,0.20942411254647075
2258,0.9913313724532388
2259,0.00999613545144327
2260,0.9999806949254909
2261,0.002036544866538345
2262,0.0012749069760893523
2263,0.9909956680958125
2264,0.9963805619798312
2265,0.9956158249754041
2266,0.00039813925819236586
2267,0.4611137739103576
2268,0.8203248307853962
2269,0.9996494573169721
2270,1.0432039356524358e-05
2271,0.41246318015913264
2272,0.02115036885645884
2273,0.8531137984807224
2274,0.00046336440925126977
2275,0.9968240143104403
2276,0.0011754785009411668
2277,0.19948238796308798
2278,1.2309176114622142e-05
2279,0.9871619328101862
2280,0.9675172030576602
2281,0.0001373997823797897
2282,0.00028819445609075986
2283,0.008412571980272562
2284,0.001237043345452191
2285,0.0007155859747872648
2286,0.9999812069416503
2287,0.989714632237019
2288,0.4441355816936727
2289,0.9998740364691977
2290,0.001431135253471007
2291,0.9995282421350966
2292,0.9959016607706059
2293,0.9903067276592359
2294,0.005649120524075915
2295,0.9799024655502039
2296,4.603164068023395e-07
2297,0.9984088625928051
2298,0.04507194240363488
2299,0.01214121898170689
2300,0.38295159753652075
2301,0.9999512547647685
2302,0.8278971865029707
2303,0.9999231861645953
2304,0.0018153862790460582
2305,0.8094454260490013
2306,0.9998601999104051
2307,0.01332145837159006
2308,0.0033556348120204593
2309,0.9792929752919025
2310,0.0025194013448771244
2311,0.9275165582618461
2312,0.9701320799655081
2313,0.9994755545162539
2314,0.8811012866165612
2315,0.002163764313231225
2316,0.014289324227093442
2317,0.9991762808458982
2318,0.9873835715781003
2319,0.28990146690029284
2320,0.0009133769798010813
2321,0.98307432017129
2322,0.021091810488250956
2323,0.0011818190626781782
2324,0.007050273602406031
2325,0.0014709708566350873
2326,0.8793127553603938
2327,2.0749948663555467e-05
2328,0.836649613021399
2329,0.0003011722044612626
2330,0.9999693178465106
2331,0.9992866609760714
2332,0.998991985129802
2333,0.04871447983634998
2334,0.9919240858065436
2335,0.993395505251242
2336,0.9986994290790234
2337,0.00035414882843393044
2338,0.9986529258698941
2339,9.23331580740285e-05
2340,0.0028766423052920915
2341,0.032814378299068206
2342,0.001787579235356335
2343,0.9989894918275084
2344,0.9932182755597884
2345,0.9962795310246226
2346,0.10630001305004948
2347,0.9461939576710733
2348,0.9995190921563076
2349,0.0004187732770743706
2350,0.9308455817841773
2351,0.999662004832514
2352,1.477687174749782e-05
2353,0.9997026468083483
2354,0.0010869296624655708
2355,0.049819246604444964
2356,0.0033242331015316488
2357,0.9178478250122876
2358,0.020339613101552956
2359,1.0729554963278338e-06
2360,0.999927882305273
2361,0.9920645990040243
2362,1.4444379851965861e-06
2363,0.001106581808543954
2364,0.9689913214335919
2365,0.029242000496140702
2366,0.06882237590452817
2367,0.990281468817275
2368,0.9968968187277932
2369,0.23050601923780065
2370,0.9828783840742564
2371,0.8818234543558383
2372,0.9994526336298841
2373,0.0133378103125094
2374,0.002373545773795027
2375,0.9941976791724882
2376,0.04433067651053757
2377,0.9500886214586892
2378,0.9999759866318593
2379,0.008800557454549031
2380,0.006660817355894911
2381,0.9990224979017326
2382,0.9963688521874946
2383,0.9992920656001801
2384,0.002008931698882725
2385,0.8994966132043172
2386,0.006206458356374067
2387,0.9996823047415739
2388,0.9976783949166407
2389,0.05549621938914666
2390,8.82555610964545e-06
2391,0.10492002852502567
2392,0.0035111470422576918
2393,0.9974246978172941
2394,0.9975347075130715
2395,0.0009504009316143378
2396,0.7432086920399331
2397,0.99998981397653
2398,0.9992774274060914
2399,0.992525805156401
2400,0.0006583373537301009
2401,0.00043846918158288705
2402,0.9999094091240455
2403,0.007177867696019783
2404,0.9987079082740463
2405,0.9997764777116108
2406,0.9999247452736059
2407,0.9999544209724346
2408,0.99835541127987
2409,0.21580469244023162
2410,0.9997795976646033
2411,5.890126094294863e-05
2412,0.01880022030401798
2413,0.9999911381083502
2414,0.0022733738844077423
2415,0.9945625370147569
2416,0.006958622764489572
2417,0.8494589870608681
2418,0.028484780966834655
2419,5.563865855296796e-05
2420,0.9996547234754988
2421,0.018063015219360934
2422,0.0011495665969424673
2423,0.9998306213741482
2424,0.0003028236007594402
2425,0.003161696840022547
2426,0.9560024869537472
2427,0.00013559533509990165
2428,0.00010096180197982964
2429,0.9936676387746585
2430,0.003971698725586543
2431,0.9995557862846884
2432,0.997659451105229
2433,0.020001438931481257
2434,0.9784652496426548
2435,0.9983234217372805
2436,0.0516391833840338
2437,0.9999483891137978
2438,0.9996874755913399
2439,0.9997300168212843
2440,0.9998078339485945
2441,0.998180403428025
2442,0.9387504897518477
2443,0.014509870117084609
2444,0.9999684460527202
2445,6.3925464665022245e-06
2446,0.0027420949409367396
2447,0.9997194809614469
2448,0.9859935308131156
2449,0.9879566856481227
2450,0.00021527603210177014
2451,0.008327783783335575
2452,0.0013185699703615775
2453,0.9917817042357248
2454,0.002241590196194992
2455,0.005381715916056205
2456,0.8967014048254968
2457,0.9998298828740568
2458,0.6258917954538489
2459,0.2048485923648179
2460,2.6544412035638927e-05
2461,0.9981740178001804
2462,0.9952402343716543
2463,0.9992620464389682
2464,0.9466759992301398
2465,0.9924745876125001
2466,0.00035335213943343005
2467,0.12890187357069038
2468,0.8078425405131664
2469,2.7902330853208838e-05
2470,0.7282080218142787
2471,0.9998343616229303
2472,0.977848737349447
2473,2.0356605537312772e-06
2474,0.9998975183905909
2475,0.6622498260084853
2476,0.0368666673491862
2477,0.9723702339256874
2478,0.9982756811760254
2479,0.9796528091402443
2480,0.0022600175260244658
2481,1.3591275374421082e-05
2482,0.9995763773104587
2483,0.9907921634044031
2484,1.5306036257022133e-05
2485,0.5538978355981798
2486,0.9997188880163667
2487,0.999644574058995
2488,0.0017545744347526606
2489,0.0005215273428259098
2490,0.999632436201328
2491,0.9991626346909764
2492,0.0022036804495270466
2493,0.9956847547812041
2494,0.9998735897367186
2495,0.9389853115179304
2496,0.9979697244454427
2497,0.9490485917519803
2498,0.009609326108669687
2499,0.0016293881430751586
2500,0.015096055270857233
2501,0.9878699456485247
2502,0.9999049843359109
2503,0.973635291483735
2504,0.993676190410615
2505,0.9999977396128327
2506,0.9990066810795026
2507,0.10819629448879169
2508,0.00046364414809818116
2509,0.012221317315282122
2510,0.9996639499261847
2511,0.9978188618068922
2512,0.9771807895023191
2513,0.0027208557765173373
2514,0.9990721166439601
2515,0.0004636970435050517
2516,0.00010361736352513143
2517,0.9579369016213488
2518,0.9906912279223208
2519,0.00022094891981107025
2520,0.9998439023082841
2521,0.99688852557887
2522,4.816563267462538e-07
2523,0.9996110682077773
2524,0.0005893196738386117
2525,0.0011587876430684274
2526,0.9999767552886094
2527,0.008347993683076163
2528,0.9520866812053297
2529,0.9996460216432562
2530,0.9967305199680875
2531,0.004744980026634928
2532,0.9990668522989173
2533,0.9999872409621353
2534,0.997150607918487
2535,0.9822473469577431
2536,0.99094543651382
2537,0.004553864870193384
2538,0.999892198812643
2539,0.0044521796790072616
2540,0.9987466898829414
2541,0.9981407860807593
2542,0.9943026056559425
2543,0.05064970302488505
2544,0.007447722347190355
2545,0.9999740511088664
2546,0.6102213759038407
2547,0.05155608586738624
2548,0.006350063688067391
2549,0.9709587933998428
2550,0.0014329854952947086
2551,0.9810234047477864
2552,0.005077065315512697
2553,0.9919628570460806
2554,4.572437318728707e-05
2555,0.9781810342712605
2556,7.315499781784574e-05
2557,0.0021702657939122417
2558,0.23059661905623077
2559,0.9901406492638095
2560,0.0002660896891294502
2561,0.01665457054321508
2562,0.9987687065590088
2563,0.06801782995109236
2564,0.9999221702465736
2565,0.00012309125321575926
2566,0.9827754524090324
2567,4.1763099038096774e-05
2568,0.0001793369552659999
2569,0.9881017849530663
2570,3.4249265840374606e-05
2571,0.00011417110206710718
2572,0.0017082457105876937
2573,0.9999282100650121
2574,0.8442417178538795
2575,0.04661792547242015
2576,0.9951362413932179
2577,0.99787343508651
2578,0.8959483216395019
2579,0.02174010792325617
2580,0.26183020668498874
2581,0.0069374282560470376
2582,0.999197440355392
2583,0.9932635251515832
2584,0.0003366463672673551
2585,0.9934853202249396
2586,0.996681457762335
2587,0.010455606739367166
2588,0.997580228533439
2589,0.9940094763332676
2590,8.108032482596206e-05
2591,0.9905445554059948
2592,0.9948153002732681
2593,0.9938780825329476
2594,0.9998329511754322
2595,0.999575309644314
2596,0.9936871434843101
2597,0.4090466917995862
2598,0.9980914574774542
2599,0.9989090468283666
2600,0.9904430799474045
2601,0.0007612069762771733
2602,0.9992244240740051
2603,0.2691026376390087
2604,0.998051837509491
2605,0.46871293588725627
2606,2.101255985838569e-05
2607,0.9882344905647832
2608,0.0477480448559553
2609,8.224763057118095e-06
2610,0.9998885172948755
2611,0.9996828252228673
2612,0.009009259233587896
2613,0.9999713021231754
2614,0.0014931906397423066
2615,0.9986264370014455
2616,0.999688469609908
2617,0.002168175837060454
2618,0.9961770594817464
2619,0.44920101982332494
2620,0.9880463068417786
2621,0.9998999082551989
2622,0.0007170751997983875
2623,0.9987352261672893
2624,0.003938641378648742
2625,0.9999066780596086
2626,0.0037355248740421547
2627,0.9978982457191086
2628,0.9987142868327114
2629,0.001848450095246572
2630,0.9991920340157394
2631,0.000216093989218602
2632,0.0776264059189718
2633,0.9998323780300156
2634,0.9996801690699035
2635,0.9999149730082758
2636,0.9950823286990201
2637,0.99863127751223
2638,0.9980915071986595
2639,0.22234204670868143
2640,0.9573721610509571
2641,0.9720573608286979
2642,4.363312002920534e-05
2643,0.002446088177629774
2644,0.999978382389659
2645,0.9683815334706449
2646,0.5110526440130368
2647,0.8019599061273169
2648,0.0006152362448790332
2649,0.0313741098947967
2650,0.0008313003000802785
2651,8.029126071749163e-06
2652,0.0026364497012418796
2653,0.9383687413438813
2654,0.9885079885579245
2655,0.04821355821696636
2656,0.9998499637830155
2657,0.04232671919137252
2658,0.9894146434637703
2659,0.015108531318521974
2660,0.9996920129047717
2661,6.885084551092903e-09
2662,0.0016671319957775235
2663,0.00023170324452513938
2664,0.002291467356057369
2665,0.9964722906857612
2666,0.010476194431081085
2667,3.656611459671358e-06
2668,0.006930867822123464
2669,6.541005586956781e-06
2670,0.9973798966834578
2671,0.9993168322746372
2672,0.9990035011305647
2673,0.9999968555809773
2674,0.9999666468999098
2675,0.9997941202237327
2676,0.9393325393151296
2677,0.9944384264801984
2678,4.515659422107207e-06
2679,0.001293439949245036
2680,0.000741275921455132
2681,0.9993073717484927
2682,0.30310138571772755
2683,0.7378508897939019
2684,0.9645082222865328
2685,1.5595780965379014e-05
2686,1.4546633368741808e-05
2687,0.9992207628532626
2688,0.000622080546522224
2689,0.9990491776508968
2690,0.9914402096176451
2691,0.9993741473871814
2692,0.000741521864980869
2693,0.009796903950785297
2694,0.9956207087489624
2695,0.9998348304191289
2696,0.7604459844319698
2697,0.9999891120724227
2698,5.116137707271055e-08
2699,0.9988446910302374
2700,0.005045430709950969
2701,0.999654304378504
2702,0.4566199159762966
2703,0.9999242088853126
2704,0.00026692510159037435
2705,0.00027796783650318736
2706,0.9998440484695028
2707,0.3362491924525492
2708,0.028593308918056132
2709,0.002176447727171984
2710,0.0004467613409084734
2711,0.0004262455655127483
2712,0.9995381467625208
2713,0.00033425847311501384
2714,5.805232360298854e-07
2715,0.9996858083334492
2716,0.9915908106746353
2717,0.9997627623263209
2718,0.9997933435288819
2719,0.990432944345942
2720,0.9755552369810283
2721,0.06207924542173466
2722,0.9999095031880406
2723,0.9780386767333794
2724,1.047685822482955e-05
2725,0.001960730830276955
2726,9.845977164701076e-05
2727,2.446953594871715e-06
2728,0.0823845915969525
2729,0.0006799557124999087
2730,3.279195538883894e-06
2731,0.07167976063336401
2732,0.9999911585594271
2733,0.9710151049759992
2734,0.998566416231779
2735,0.9511553454334053
2736,0.9999982505317058
2737,9.207883797308573e-05
2738,0.00033628946789339333
2739,0.5561722583063995
2740,0.9988783131280056
2741,0.9997983166813295
2742,0.9991784669169872
2743,0.999935893605701
2744,0.004563053007589547
2745,0.9979890583707107
2746,0.00014719795407488402
2747,0.9988499916678728
2748,0.9989956735289047
2749,3.16352652600512e-05
2750,0.9370167842389628
2751,0.9424751710925406
2752,0.03248357199097279
2753,3.124135373401878e-05
2754,0.9971821585686137
2755,0.9950661385926272
2756,0.9983599352265358
2757,0.0005410732413677427
2758,0.9999222947459198
2759,0.9981935200582103
2760,0.0315453744890537
2761,0.9926709900962801
2762,0.0012480167390156313
2763,0.0008563676788551956
2764,0.9999082138518818
2765,0.0017157542145351907
2766,0.9983112763700515
2767,0.000328828807766871
2768,1.7291456258015558e-05
2769,0.0016375926453464466
2770,0.005027438717993937
2771,0.6770946150794424
2772,0.000142272468923677
2773,0.10126244990105514
2774,0.08461084964227443
2775,9.069618326355453e-05
2776,0.00027546792099932167
2777,0.9978356220706456
2778,0.9997942334721636
2779,0.9990704158181721
2780,0.0015082064008649803
2781,0.9997623908597073
2782,0.9993381450057441
2783,2.982318268095702e-06
2784,0.0012604077926428696
2785,0.0001610590218367787
2786,0.9987003904427366
2787,0.9269798042909252
2788,0.0009116282366129533
2789,0.9933640031156059
2790,0.04192323268316279
2791,0.9988592538564158
2792,0.0005658842411113302
2793,0.9976547214531677
2794,0.9994319678775061
2795,0.9813717723044137
2796,0.9468147430770483
2797,0.004984270080404861
2798,0.9353644614483165
2799,0.9999057309102496
2800,0.0010416508959338667
2801,0.0024359234062749134
2802,0.000423529653370375
2803,0.9837710553828659
2804,0.9999606415684105
2805,0.03530193825561928
2806,0.9942181392686776
2807,0.00037161746019678213
2808,0.00015195532331797876
2809,0.9934465401790146
2810,0.9996755211617894
2811,0.9998899363690956
2812,0.6047198899547723
2813,0.1941552827031391
2814,0.9930185991923203
2815,0.0015639114181843323
2816,0.9994947035174278
2817,0.9723907218247045
2818,0.002298935964843959
2819,6.481263833104778e-07
2820,0.9970634899724028
2821,0.00011820369125683926
2822,0.008759983072596143
2823,0.9990254675657236
2824,0.9955507855887304
2825,0.9954384930392902
2826,0.9931519927582415
2827,4.601536078878112e-05
2828,0.9446988008507791
2829,0.9910091060758769
2830,0.42770010024641547
2831,5.1770224920925235e-05
2832,0.9626133143039252
2833,0.00014236320024022287
2834,0.7368882495395588
2835,0.015728336919754376
2836,1.8000366234483463e-06
2837,0.9389591135369914
2838,0.9982367831388541
2839,0.9888508339274003
2840,0.0005115718711568718
2841,9.683022247990177e-07
2842,0.006066672496468587
2843,1.0970448157564094e-05
2844,0.9681497901179451
2845,0.00023851315987891695
2846,0.9992285255849456
2847,0.9994583496165327
2848,0.9992582475211219
2849,0.022151010549371197
2850,0.03293063462803235
2851,1.1606534428351437e-05
2852,0.997829178881825
2853,0.00018942495926783183
2854,0.9960061514995617
2855,0.02598771792225224
2856,0.002297696436778698
2857,0.00036509012727030464
2858,1.1878897502058487e-07
2859,0.9961294269980148
2860,0.017487360824126906
2861,0.9994264252175111
2862,0.9986338828463317
2863,0.9995641108300936
2864,0.00871841465566751
2865,0.6780345548347807
2866,0.9980799543682989
2867,0.9987602459409951
2868,0.0011195116358365112
2869,0.14731379788697138
2870,0.9998088694633499
2871,0.004932159743923772
2872,0.9999960710639607
2873,0.9629607902278954
2874,5.370356631140194e-06
2875,0.009332348803232488
2876,0.991563430202536
2877,0.003081068437388708
2878,0.9994871375914287
2879,0.9982786609886064
2880,0.9985071581144661
2881,0.002124060763387912
2882,0.9981364246661784
2883,0.9999131396372168
2884,0.00034426691298234416
2885,9.506385402402682e-07
2886,0.995659515946876
2887,0.010320690830582223
2888,0.002109504986220321
2889,0.9997228277958989
2890,0.9998961982582621
2891,0.9603031281486002
2892,0.9867676506103853
2893,0.9985176523160851
2894,0.001449470380950972
2895,0.999474466333632
2896,0.9998298763217367
2897,0.9992549980663318
2898,0.001660431413389704
2899,0.994867975942179
2900,0.11384861437586129
2901,0.9988884261630777
2902,0.9974740939381334
2903,0.9992853841316279
2904,0.5884291394740242
2905,0.9996217039511763
2906,0.9982946871116005
2907,0.058899406034875645
2908,8.323698006188715e-06
2909,0.2387676953000284
2910,0.9785558358587614
2911,0.00010125975693559298
2912,0.9496414030677821
2913,3.7654826941300017e-06
2914,0.8859013907308764
2915,0.9989964742316858
2916,0.9981875873951706
2917,0.9985791530955881
2918,0.9998562286652353
2919,0.9983736930206021
2920,0.00010437899997598305
2921,0.9981823974491791
2922,0.9990472025324284
2923,0.9997853349923721
2924,0.004035600462242055
2925,0.9974915069937659
2926,0.9991698746937222
2927,0.0002873456019058189
2928,3.501810919847432e-07
2929,1.1766504126597132e-05
2930,0.9441366493203058
2931,0.998346727180789
2932,0.37887761560471844
2933,0.0023182970701356395
2934,0.997943697168474
2935,0.978776489879035
2936,0.9998668836351153
2937,0.023503820388308696
2938,0.008184961581064987
2939,0.9988643091497706
2940,0.002198445447586735
2941,0.020950876982906725
2942,0.9933161941480458
2943,7.88560786245914e-05
2944,0.0011786340405372604
2945,0.9875512272314481
2946,0.999648557118936
2947,0.00738803908739315
2948,6.576687634921994e-06
2949,0.9968306052129854
2950,0.10936549636682005
2951,0.6670354846430261
2952,0.01722468310203802
2953,0.997932818855412
2954,0.053194034115854334
2955,0.997997645566732
2956,7.982128231159333e-08
2957,0.11229306653614121
2958,0.999523489421279
2959,0.019764934507910642
2960,0.9455125474585329
2961,0.002993091513026411
2962,0.9991128791766949
2963,0.9995709976417667
2964,0.0005194879892404192
2965,0.9956784469372165
2966,0.0024047857392628597
2967,0.9814584236505465
2968,0.9997249013485245
2969,2.5296428014781137e-06
2970,0.999907298022338
2971,0.9998031211358965
2972,0.005790848862904176
2973,0.9903985584932725
2974,0.0058974240136028784
2975,0.9999122408296196
2976,0.9948867802206377
2977,0.9864641500311001
2978,0.005232016107420165
2979,0.9882602569002342
2980,2.4433098690310804e-05
2981,4.817595205990774e-07
2982,0.0004086503729476711
2983,0.9910600113491537
2984,0.9998645069063681
2985,0.0017581577976548935
2986,0.0008812957666112601
2987,0.0037962056233035828
2988,0.99831691782624
2989,0.0021591287779891633
2990,0.0004362007976806553
2991,0.9982741508908085
2992,0.9849104199701543
2993,0.004742708761739621
2994,0.9967964921447913
2995,0.9982309912823698
2996,0.0003655593901633416
2997,0.9792978042170983
2998,0.7470433523363713
2999,0.9944891896999448
3000,0.6241031409206556
3001,0.00378105888485032
3002,0.9997972217696611
3003,0.9940329232904846
3004,0.9746817870293755
3005,0.9998427786480125
3006,0.9974957670893465
3007,0.9999808076796537
3008,4.1526039713522e-06
3009,0.07179683042503798
3010,0.001158414817701584
3011,0.0006998382057602931
3012,0.9994905605785958
3013,1.0306866782225806e-07
3014,0.9955205213743304
3015,0.9994358962151304
3016,0.002245865748573765
3017,0.9994945688318213
3018,0.9809879274732396
3019,0.9972164526798888
3020,0.001948616997042556
3021,0.999470243894268
3022,0.9999930698569927
3023,0.9979330449458839
3024,0.05810107132514554
3025,0.9820510079287635
3026,0.9982115992527676
3027,0.010040181993007626
3028,0.0038634979240374356
3029,0.004370489454026745
3030,0.9994800981244265
3031,0.9998562176833189
3032,0.008915605688576602
3033,0.00033236574619903577
3034,0.0011535208089034242
3035,0.9994320152123437
3036,0.0001304692592102528
3037,0.06243127261421245
3038,0.9727414144075437
3039,0.9975402053813915
3040,0.9919377971379247
3041,0.9985542914617432
3042,0.0031830737196008704
3043,0.7907830192488315
3044,0.008002404796450572
3045,0.004306717720598826
3046,0.9999415195578467
3047,0.9832579028447381
3048,0.0068470195978316654
3049,0.9992896646808582
3050,0.999084891408548
3051,0.9167366140649619
3052,0.5541271418198005
3053,0.9823306691029684
3054,0.0030394715710634398
3055,0.010004359238109831
3056,0.9953761397219344
3057,0.0006705090006553908
3058,0.018292755674557466
3059,0.08502526002266851
3060,0.9865770061985589
3061,0.0014842286176404776
3062,0.9907690487452803
3063,0.000753674332665832
3064,3.7486190382028015e-06
3065,0.9958337517669038
3066,8.578143704644692e-06
3067,0.9998804404809135
3068,4.82547496333672e-07
3069,0.9997416545501698
3070,0.986465703657254
3071,0.9948214628103057
3072,0.0003303312369343726
3073,0.006339294220643093
3074,0.999515319645499
3075,0.996666379252658
3076,0.999575873960203
3077,0.11296570553044956
3078,5.617226779024695e-06
3079,0.9999457792638468
3080,0.9408287978459117
3081,0.9897198612182591
3082,0.00014027407198121186
3083,9.474504091767127e-06
3084,0.023640586874859135
3085,0.001065147749377341
3086,0.9998817806684215
3087,0.0036702919554177883
3088,0.0017946855043961716
3089,2.0598346657896624e-05
3090,0.009479681609663435
3091,0.9999867552852553
3092,0.9784811941842044
3093,1.3653641954692905e-06
3094,0.8723112490405701
3095,0.009024525215071444
3096,0.9704843172715477
3097,0.001636039443609029
3098,0.9958661711029028
3099,0.9986187980457815
3100,0.9969711555125915
3101,0.04059981821817754
3102,0.9993250466046787
3103,0.001801968514820593
3104,0.9991545088039688
3105,0.004618212182813268
3106,0.0013627548337550824
3107,0.4567623264521209
3108,0.3243755988690291
3109,0.014948083130439717
3110,0.013180857217906568
3111,0.9981886583033193
3112,0.9934152637300697
3113,0.9858938060236119
3114,0.9198250798226747
3115,0.004142252446695691
3116,0.0015160809585177762
3117,0.9996057592450863
3118,0.9607302689966045
3119,0.020962995897391194
3120,0.9983956058293243
3121,0.0041105978138438574
3122,0.034646902604930294
3123,0.0005693757594601874
3124,0.9999565047191241
3125,0.9072510017875051
3126,5.616265952858762e-06
3127,0.9996923441829303
3128,0.9995056589215434
3129,2.786124291255891e-05
3130,0.9749308876902298
3131,0.9761281271944167
3132,0.21865433164593465
3133,0.0031739804838214203
3134,0.9904635208083751
3135,0.9398648128760809
3136,0.9952183862662279
3137,0.9999287073466921
3138,0.00874960305188559
3139,0.14776181251148973
3140,0.9984657766056707
3141,3.3276816200003435e-05
3142,0.9955606930877865
3143,0.9992257040990556
3144,0.0010901254637450074
3145,0.9992760553677834
3146,0.9996574747282327
3147,0.9877996388933178
3148,0.9994217474533343
3149,0.9937394032307065
3150,0.002209421386445781
3151,0.9993878337933239
3152,4.029459371144815e-05
3153,9.06001759471245e-05
3154,0.996713597154581
3155,0.021551506732468632
3156,0.9263380156590637
3157,0.9980360252682959
3158,0.03192464209771809
3159,9.695992244884153e-05
3160,0.001514822996573372
3161,0.0003228464294688425
3162,0.002990967786468328
3163,0.9992886139234299
3164,0.0006934363642780135
3165,0.9976603429828382
3166,0.45627257064998694
3167,0.0005553558468295382
3168,0.06714159246894552
3169,0.32146330712586496
3170,0.9955907243215433
3171,0.9996032849143661
3172,0.9992037576241776
3173,0.9978091295493607
3174,0.9997613143477723
3175,3.1005718069807376e-05
3176,0.9981417141369132
3177,0.9974334972993414
3178,0.0010588255808421832
3179,0.9574894819171083
3180,0.990500454539754
3181,0.007652463252736192
3182,0.00015372212781324278
3183,0.99454459509493
3184,0.067619259794905
3185,0.9238847347963546
3186,0.0036060269938314143
3187,0.025998289149965197
3188,2.3494812932149316e-06
