"Дата","Цена","Откр.","Макс.","Мин.","Объём","Изм. %"
"26.11.2019","182,54","181,21","182,91","181,21","2,93M","0,87%"
"25.11.2019","180,97","180,40","181,33","180,12","5,46M","0,84%"
"22.11.2019","179,47","180,13","180,47","178,35","6,87M","-0,23%"
"21.11.2019","179,89","181,17","181,81","179,31","5,11M","-0,97%"
"20.11.2019","181,66","182,31","183,22","180,35","6,04M","-0,61%"
"19.11.2019","182,77","180,39","182,98","180,20","8,55M","1,73%"
"18.11.2019","179,66","179,57","180,32","178,98","7,18M","-0,06%"
"15.11.2019","179,77","180,03","180,68","179,08","7,81M","0,01%"
"14.11.2019","179,75","179,00","179,77","178,06","9,81M","0,19%"
"13.11.2019","179,41","179,40","180,88","177,90","6,16M","-0,18%"
"12.11.2019","179,74","179,94","181,06","178,88","6,12M","0,11%"
"11.11.2019","179,54","178,50","180,36","178,20","3,62M","0,32%"
"08.11.2019","178,97","178,38","179,45","177,80","3,89M","0,30%"
"07.11.2019","178,43","177,35","180,65","176,85","7,23M","0,94%"
"06.11.2019","176,77","176,37","178,19","176,14","6,99M","0,23%"
"05.11.2019","176,37","179,07","179,56","175,18","7,45M","-1,44%"
"04.11.2019","178,95","182,08","182,40","178,81","7,15M","-1,09%"
"01.11.2019","180,93","180,13","181,32","179,56","7,00M","1,16%"
"31.10.2019","178,86","179,25","179,70","178,01","6,83M","-0,22%"
"30.10.2019","179,25","177,79","179,42","176,39","5,37M","0,91%"
"29.10.2019","177,63","179,80","180,00","177,37","7,57M","-1,23%"
"28.10.2019","179,84","178,93","180,18","178,35","10,09M","1,12%"
"25.10.2019","177,85","174,93","179,15","173,50","10,13M","0,96%"
"24.10.2019","176,16","173,42","176,87","173,40","8,13M","2,83%"
"23.10.2019","171,32","170,99","172,17","170,18","7,17M","0,27%"
"22.10.2019","170,86","177,00","177,79","170,78","10,18M","-3,16%"
"21.10.2019","176,43","176,00","176,73","174,61","4,93M","0,41%"
"18.10.2019","175,71","177,90","178,20","174,55","6,31M","-1,25%"
"17.10.2019","177,94","178,89","179,19","177,50","4,91M","0,04%"
"16.10.2019","177,87","177,92","178,26","176,27","6,52M","-0,49%"
"15.10.2019","178,75","178,13","179,43","177,55","4,45M","0,78%"
"14.10.2019","177,36","177,38","178,41","177,11","7,26M","0,17%"
"11.10.2019","177,06","176,87","179,20","176,85","8,95M","1,25%"
"10.10.2019","174,88","173,89","175,90","173,59","4,85M","0,00%"
"09.10.2019","174,88","174,11","175,99","173,64","6,34M","1,43%"
"08.10.2019","172,42","173,57","174,64","171,88","5,50M","-1,42%"
"07.10.2019","174,90","174,66","175,69","173,80","5,30M","-0,61%"
"04.10.2019","175,98","174,68","176,52","174,44","6,12M","1,80%"
"03.10.2019","172,87","169,91","173,14","168,63","7,35M","1,79%"
"02.10.2019","169,83","172,64","172,94","168,59","10,72M","-2,56%"
"01.10.2019","174,29","173,02","174,81","172,82","8,22M","1,33%"
"30.09.2019","172,01","174,17","175,45","172,01","16,61M","-1,14%"
"27.09.2019","174,00","176,70","176,83","172,36","9,31M","-0,94%"
"26.09.2019","175,65","175,65","176,45","174,61","10,43M","0,21%"
"25.09.2019","175,28","173,80","175,67","172,39","7,83M","0,46%"
"24.09.2019","174,48","176,11","177,20","173,40","10,43M","-0,25%"
"23.09.2019","174,91","172,90","175,25","172,79","8,84M","0,49%"
"20.09.2019","174,06","177,40","177,63","173,95","12,94M","-1,08%"
"19.09.2019","175,96","176,20","177,41","175,61","7,03M","0,38%"
"18.09.2019","175,29","177,09","177,18","172,82","9,76M","-0,66%"
"17.09.2019","176,45","176,83","178,26","175,04","5,94M","0,19%"
"16.09.2019","176,11","176,17","177,20","175,51","4,25M","-0,65%"
"13.09.2019","177,27","178,65","178,77","176,02","6,10M","-0,40%"
"12.09.2019","177,98","176,85","179,41","176,68","7,75M","1,71%"
"11.09.2019","174,98","177,40","177,93","174,45","9,11M","-0,78%"
"10.09.2019","176,35","179,41","179,70","173,81","15,26M","-2,86%"
"09.09.2019","181,55","186,92","187,05","179,51","7,29M","-2,26%"
"06.09.2019","185,74","184,74","186,71","184,55","7,99M","0,55%"
"05.09.2019","184,73","183,73","185,68","183,38","6,39M","1,63%"
"04.09.2019","181,77","180,90","182,20","180,05","4,17M","1,43%"
"03.09.2019","179,20","180,52","181,25","179,10","4,64M","-0,90%"
"30.08.2019","180,82","181,99","182,18","179,67","4,06M","-0,19%"
"29.08.2019","181,17","180,40","181,39","179,31","4,68M","1,40%"
"28.08.2019","178,67","176,99","178,99","176,03","4,41M","0,16%"
"27.08.2019","178,38","178,32","179,19","176,94","4,02M","0,44%"
"26.08.2019","177,59","176,41","177,67","175,35","7,76M","1,35%"
"23.08.2019","175,23","179,55","180,50","174,24","7,05M","-2,70%"
"22.08.2019","180,09","181,95","182,33","178,61","6,66M","-0,47%"
"21.08.2019","180,94","180,69","181,69","180,24","3,70M","0,95%"
"20.08.2019","179,24","179,43","180,63","178,49","3,79M","-0,28%"
"19.08.2019","179,74","180,42","180,42","178,12","5,29M","0,85%"
"16.08.2019","178,23","178,00","178,75","177,20","8,31M","1,11%"
"15.08.2019","176,27","174,26","177,02","173,52","6,70M","1,59%"
"14.08.2019","173,51","176,24","177,25","173,16","7,29M","-2,86%"
"13.08.2019","178,61","174,39","178,92","174,21","6,79M","1,29%"
"12.08.2019","176,34","177,44","178,65","175,60","7,39M","-1,51%"
"09.08.2019","179,05","179,67","180,10","177,85","5,37M","-0,47%"
"08.08.2019","179,90","177,46","179,95","176,57","7,60M","2,61%"
"07.08.2019","175,32","171,50","175,73","170,34","8,29M","1,65%"
"06.08.2019","172,48","171,79","172,95","170,13","10,28M","2,14%"
"05.08.2019","168,86","172,01","173,50","166,97","16,86M","-4,82%"
"02.08.2019","177,42","178,00","178,27","174,69","8,26M","-0,98%"
"01.08.2019","179,17","179,19","182,40","178,17","8,42M","0,66%"
"31.07.2019","178,00","181,79","182,05","176,06","7,98M","-1,94%"
"30.07.2019","181,53","182,54","183,38","181,27","5,24M","-0,92%"
"29.07.2019","183,21","183,89","184,07","182,73","4,62M","-0,26%"
"26.07.2019","183,69","182,41","183,82","182,21","5,06M","1,16%"
"25.07.2019","181,59","183,87","183,99","181,30","6,09M","-0,95%"
"24.07.2019","183,33","180,79","183,43","179,25","8,17M","1,34%"
"23.07.2019","180,90","180,89","181,27","179,06","7,19M","0,18%"
"22.07.2019","180,57","179,64","180,98","179,14","4,86M","0,74%"
"19.07.2019","179,24","181,84","181,84","179,14","5,33M","-0,71%"
"18.07.2019","180,53","178,63","180,62","178,58","4,74M","0,77%"
"17.07.2019","179,15","179,56","180,21","179,01","3,99M","-0,09%"
"16.07.2019","179,31","180,37","180,88","178,73","6,80M","-0,70%"
"15.07.2019","180,57","180,56","181,07","179,94","4,49M","0,13%"
"12.07.2019","180,33","181,35","181,35","178,92","7,20M","-0,23%"
"11.07.2019","180,74","180,12","180,94","179,46","6,99M","0,80%"
"10.07.2019","179,31","178,58","180,26","178,58","5,11M","0,89%"
"09.07.2019","177,73","175,43","177,89","175,30","4,89M","0,87%"
"08.07.2019","176,19","176,30","176,61","175,40","6,72M","-0,27%"
"05.07.2019","176,66","175,86","177,03","174,51","5,84M","-0,12%"
"03.07.2019","176,87","176,00","176,99","175,72","4,07M","0,91%"
"02.07.2019","175,28","174,10","175,32","173,30","5,24M","0,77%"
"01.07.2019","173,94","175,33","175,54","172,74","6,12M","0,22%"
"28.06.2019","173,55","171,96","173,55","170,52","8,44M","1,35%"
"27.06.2019","171,23","172,12","172,40","170,32","5,87M","0,10%"
"26.06.2019","171,06","171,39","172,39","170,82","7,13M","-0,13%"
"25.06.2019","171,28","174,81","174,94","170,59","9,90M","-1,48%"
"24.06.2019","173,85","174,60","174,73","172,72","5,55M","0,24%"
"21.06.2019","173,44","173,27","174,81","173,16","11,73M","-0,17%"
"20.06.2019","173,74","172,51","173,94","171,75","11,47M","1,79%"
"19.06.2019","170,69","169,39","171,20","169,21","6,32M","0,83%"
"18.06.2019","169,28","170,65","170,67","167,55","6,97M","-0,17%"
"17.06.2019","169,56","169,73","170,42","169,03","6,41M","-0,06%"
"14.06.2019","169,66","169,77","170,64","168,84","5,00M","0,18%"
"13.06.2019","169,35","172,14","172,20","168,72","6,90M","-1,31%"
"12.06.2019","171,59","170,38","171,62","169,70","6,77M","0,75%"
"11.06.2019","170,31","171,95","172,18","168,42","6,08M","-0,30%"
"10.06.2019","170,82","171,84","172,02","170,51","7,57M","0,45%"
"07.06.2019","170,05","168,00","171,61","167,80","10,53M","1,88%"
"06.06.2019","166,92","165,88","167,40","164,94","13,74M","0,93%"
"05.06.2019","165,39","163,50","165,40","162,69","7,77M","1,89%"
"04.06.2019","162,33","160,29","162,37","158,65","6,68M","2,35%"
"03.06.2019","158,60","161,54","162,83","156,75","8,03M","-1,69%"
"31.05.2019","161,33","160,91","162,13","160,56","5,08M","-0,88%"
"30.05.2019","162,76","162,80","163,50","161,94","4,75M","0,02%"
"29.05.2019","162,73","163,30","163,50","161,48","6,46M","-0,60%"
"28.05.2019","163,71","163,40","165,77","163,33","10,20M","0,66%"
"24.05.2019","162,64","162,75","163,41","161,72","4,11M","0,70%"
"23.05.2019","161,51","163,50","164,25","160,82","6,14M","-1,66%"
"22.05.2019","164,24","163,60","165,63","163,45","5,42M","0,23%"
"21.05.2019","163,86","164,58","164,86","163,19","9,10M","0,24%"
"20.05.2019","163,47","163,35","164,74","162,33","4,75M","-0,38%"
"17.05.2019","164,09","163,29","165,20","163,20","4,58M","-0,47%"
"16.05.2019","164,87","163,45","165,60","162,86","9,75M","1,28%"
"15.05.2019","162,79","159,32","163,16","159,10","7,55M","1,61%"
"14.05.2019","160,21","158,10","161,52","157,94","9,76M","1,83%"
"13.05.2019","157,33","157,19","158,72","156,42","9,73M","-2,10%"
"10.05.2019","160,71","158,86","161,40","157,27","5,19M","0,56%"
"09.05.2019","159,81","158,86","159,85","157,17","6,81M","-0,59%"
"08.05.2019","160,76","159,77","161,70","159,52","5,45M","0,34%"
"07.05.2019","160,21","160,95","161,78","158,68","6,41M","-1,28%"
"06.05.2019","162,28","158,21","162,65","158,20","10,44M","0,15%"
"03.05.2019","162,04","162,30","162,74","161,18","4,32M","0,57%"
"02.05.2019","161,12","162,10","163,08","160,43","6,05M","-1,03%"
"01.05.2019","162,79","165,54","165,74","162,75","5,25M","-1,00%"
"30.04.2019","164,43","164,98","165,70","163,92","6,43M","0,17%"
"29.04.2019","164,15","163,21","164,50","163,10","10,00M","0,75%"
"26.04.2019","162,93","161,26","163,03","160,40","7,53M","1,19%"
"25.04.2019","161,02","160,52","161,60","158,55","8,86M","-0,29%"
"24.04.2019","161,49","161,75","162,03","160,65","7,38M","-0,11%"
"23.04.2019","161,66","161,00","161,88","159,87","6,52M","0,79%"
"22.04.2019","160,40","159,20","160,48","159,07","4,60M","0,15%"
"18.04.2019","160,16","160,93","161,10","159,00","7,86M","-0,17%"
"17.04.2019","160,44","160,87","161,07","160,31","4,61M","0,13%"
"16.04.2019","160,23","161,04","161,10","159,55","6,02M","-0,13%"
"15.04.2019","160,44","159,83","160,48","159,19","8,14M","0,50%"
"12.04.2019","159,64","158,71","159,64","157,86","6,75M","1,13%"
"11.04.2019","157,86","159,11","159,30","157,44","5,77M","-0,44%"
"10.04.2019","158,56","157,99","158,78","157,52","3,92M","0,68%"
"09.04.2019","157,49","156,56","157,99","156,47","6,36M","-0,16%"
"08.04.2019","157,75","157,55","157,85","156,32","5,60M","0,06%"
"05.04.2019","157,65","158,00","158,63","157,23","4,18M","0,01%"
"04.04.2019","157,64","158,53","158,69","156,53","5,10M","-0,52%"
"03.04.2019","158,46","158,55","159,11","157,85","8,21M","0,43%"
"02.04.2019","157,78","157,66","158,15","156,75","6,22M","0,33%"
"01.04.2019","157,26","157,53","157,73","156,55","6,42M","0,69%"
"29.03.2019","156,19","155,73","156,29","154,93","12,16M","0,98%"
"28.03.2019","154,67","154,93","155,08","153,61","16,90M","0,29%"
"27.03.2019","154,22","155,47","155,86","153,36","12,25M","-0,70%"
"26.03.2019","155,30","153,77","155,60","153,77","15,59M","1,48%"
"25.03.2019","153,03","152,36","154,06","151,54","7,57M","-0,03%"
"22.03.2019","153,07","154,99","155,68","152,85","8,12M","-1,75%"
"21.03.2019","155,80","153,32","156,68","153,31","7,03M","1,33%"
"20.03.2019","153,75","154,34","154,87","152,71","6,39M","-0,54%"
"19.03.2019","154,59","155,95","155,95","154,14","9,24M","-0,24%"
"18.03.2019","154,96","155,92","156,41","154,42","9,69M","-0,32%"
"15.03.2019","155,46","153,72","156,82","153,36","20,16M","0,82%"
"14.03.2019","154,20","152,56","154,69","152,30","9,36M","1,13%"
"13.03.2019","152,47","152,30","154,04","152,04","8,31M","0,49%"
"12.03.2019","151,73","151,00","153,14","150,87","9,47M","0,70%"
"11.03.2019","150,67","148,11","150,97","148,02","9,36M","2,25%"
"08.03.2019","147,35","145,44","147,48","144,50","5,17M","0,35%"
"07.03.2019","146,83","147,26","147,81","146,04","8,76M","-0,66%"
"06.03.2019","147,81","148,00","148,52","147,42","8,19M","-0,09%"
"05.03.2019","147,95","148,00","149,29","147,83","9,68M","-0,01%"
"04.03.2019","147,96","150,07","150,19","146,95","6,98M","-1,01%"
"01.03.2019","149,47","149,46","149,93","148,38","7,02M","0,91%"
"28.02.2019","148,12","147,26","148,82","147,23","6,25M","0,61%"
"27.02.2019","147,22","146,50","147,49","145,92","9,73M","0,12%"
"26.02.2019","147,04","145,20","147,40","145,02","7,33M","0,67%"
"25.02.2019","146,06","146,91","147,20","145,81","9,73M","0,13%"
"22.02.2019","145,87","144,42","146,28","144,42","9,68M","1,30%"
"21.02.2019","144,00","144,35","145,03","143,18","8,57M","-0,50%"
"20.02.2019","144,73","144,35","144,84","143,52","5,28M","0,20%"
"19.02.2019","144,44","144,42","144,88","144,02","8,41M","-0,32%"
"15.02.2019","144,91","144,55","144,91","143,81","6,54M","1,22%"
"14.02.2019","143,16","142,98","143,48","142,40","6,31M","-0,23%"
"13.02.2019","143,49","142,89","144,70","142,87","6,89M","1,06%"
"12.02.2019","141,99","141,79","142,80","141,25","6,09M","0,85%"
"11.02.2019","140,80","141,26","142,29","140,45","7,60M","0,30%"
"08.02.2019","140,38","138,69","140,40","138,52","5,95M","0,15%"
"07.02.2019","140,17","139,92","141,06","139,21","10,68M","-0,93%"
"06.02.2019","141,49","141,96","142,42","141,05","6,15M","-0,73%"
"05.02.2019","142,53","142,00","142,94","141,83","8,46M","0,73%"
"04.02.2019","141,50","139,79","141,52","139,18","11,88M","0,96%"
"01.02.2019","140,15","135,39","140,35","135,26","13,25M","3,81%"
"31.01.2019","135,01","134,39","135,73","133,30","20,10M","-1,88%"
"30.01.2019","137,60","136,10","137,90","135,51","8,08M","1,93%"
"29.01.2019","135,00","136,59","136,69","134,11","7,46M","-0,73%"
"28.01.2019","135,99","137,51","137,51","134,81","9,86M","-1,93%"
"25.01.2019","138,67","139,00","139,90","137,97","9,76M","0,70%"
"24.01.2019","137,70","137,11","138,32","136,52","4,93M","0,50%"
"23.01.2019","137,01","138,77","138,98","136,15","5,47M","-0,75%"
"22.01.2019","138,05","137,90","139,52","136,97","8,10M","-0,32%"
"18.01.2019","138,50","138,31","138,60","136,64","10,26M","0,89%"
"17.01.2019","137,28","136,97","137,91","136,59","5,86M","-0,04%"
"16.01.2019","137,34","138,40","138,87","137,07","7,26M","0,00%"
"15.01.2019","137,34","136,96","137,72","135,25","7,59M","0,18%"
"14.01.2019","137,10","136,99","138,13","136,65","8,67M","-0,70%"
"11.01.2019","138,06","137,75","138,60","137,41","5,86M","-0,44%"
"10.01.2019","138,67","136,81","138,82","136,36","12,51M","0,19%"
"09.01.2019","138,41","138,30","139,48","137,62","9,99M","1,18%"
"08.01.2019","136,80","137,97","138,19","135,96","9,24M","0,54%"
"07.01.2019","136,06","134,45","137,17","134,04","12,93M","1,80%"
"04.01.2019","133,65","130,44","134,59","130,13","11,07M","4,31%"
"03.01.2019","128,13","131,21","131,28","127,88","9,43M","-3,60%"
"02.01.2019","132,92","130,00","133,74","129,60","8,79M","0,74%"
"31.12.2018","131,94","131,68","132,44","130,23","7,98M","0,76%"
"28.12.2018","130,94","133,08","133,62","129,66","7,38M","-0,81%"
"27.12.2018","132,01","127,99","132,01","126,52","10,88M","1,37%"
"26.12.2018","130,23","123,02","130,24","123,00","13,50M","6,98%"
"24.12.2018","121,73","122,08","125,21","121,60","8,62M","-2,04%"
"21.12.2018","124,26","127,18","130,33","122,95","25,45M","-3,49%"
"20.12.2018","128,76","130,16","132,01","127,15","18,09M","-1,90%"
"19.12.2018","131,26","132,93","135,87","129,52","13,82M","-1,06%"
"18.12.2018","132,66","132,29","134,17","131,80","12,76M","0,96%"
"17.12.2018","131,40","134,21","134,43","130,69","11,80M","-2,73%"
"14.12.2018","135,09","135,69","136,72","134,55","9,35M","-1,78%"
"13.12.2018","137,54","138,30","139,13","136,15","8,78M","-0,19%"
"12.12.2018","137,80","139,30","140,88","137,75","10,39M","0,72%"
"11.12.2018","136,81","139,94","140,05","135,92","12,47M","-0,78%"
"10.12.2018","137,88","136,25","138,27","134,86","15,74M","0,56%"
"07.12.2018","137,11","140,82","142,13","135,99","14,01M","-2,79%"
"06.12.2018","141,05","135,04","141,11","133,48","16,39M","1,74%"
"04.12.2018","138,64","143,13","144,35","138,50","13,99M","-4,39%"
"03.12.2018","145,00","145,00","145,72","143,85","11,28M","2,32%"
"30.11.2018","141,71","139,01","142,26","138,63","11,36M","1,88%"
"29.11.2018","139,10","140,69","140,70","138,71","8,75M","-1,61%"
"28.11.2018","141,38","137,07","141,54","136,87","11,27M","4,02%"
"27.11.2018","135,91","135,28","136,31","134,12","7,88M","-0,02%"
"26.11.2018","135,94","134,60","136,52","134,25","9,14M","2,31%"
"23.11.2018","132,87","132,59","134,25","132,49","3,68M","-1,15%"
"21.11.2018","134,42","134,36","135,78","133,63","7,42M","0,79%"
"20.11.2018","133,37","130,31","134,53","129,54","12,72M","-1,03%"
"19.11.2018","134,76","140,47","140,57","134,25","16,25M","-3,87%"
"16.11.2018","140,18","140,42","141,84","139,92","8,63M","-1,17%"
"15.11.2018","141,84","138,85","141,91","137,93","8,56M","1,68%"
"14.11.2018","139,49","142,02","142,60","138,41","6,61M","-0,16%"
"13.11.2018","139,72","140,35","141,90","139,01","6,29M","0,00%"
"12.11.2018","139,72","143,42","143,64","139,17","11,34M","-2,93%"
"09.11.2018","143,93","144,20","144,57","142,36","8,34M","-0,90%"
"08.11.2018","145,23","144,60","145,46","143,65","5,93M","0,31%"
"07.11.2018","144,78","142,34","144,90","142,32","20,50M","2,83%"
"06.11.2018","140,79","139,80","140,91","139,72","4,73M","0,71%"
"05.11.2018","139,80","139,80","140,21","138,07","6,28M","0,01%"
"02.11.2018","139,78","141,11","141,45","137,85","17,06M","-0,75%"
"01.11.2018","140,83","139,00","140,87","137,49","16,02M","2,16%"
"31.10.2018","137,85","134,99","139,12","134,99","13,21M","3,83%"
"30.10.2018","132,76","133,08","134,86","129,79","15,11M","-1,17%"
"29.10.2018","134,33","139,61","141,51","132,27","12,77M","-2,48%"
"26.10.2018","137,74","137,98","139,87","136,06","12,03M","-1,98%"
"25.10.2018","140,52","135,45","140,90","132,50","14,99M","4,66%"
"24.10.2018","134,26","139,70","140,18","134,00","13,85M","-3,49%"
"23.10.2018","139,12","136,89","140,04","135,59","10,74M","-1,08%"
"22.10.2018","140,64","140,97","141,54","139,51","6,10M","0,40%"
"19.10.2018","140,08","139,90","142,19","139,38","8,70M","0,57%"
"18.10.2018","139,29","142,46","142,46","137,95","10,22M","-2,22%"
"17.10.2018","142,45","142,34","142,86","140,73","9,17M","0,50%"
"16.10.2018","141,74","138,71","142,14","138,68","11,06M","3,29%"
"15.10.2018","137,23","139,90","140,06","137,22","7,95M","-2,02%"
"12.10.2018","140,06","138,48","140,98","137,43","12,99M","4,73%"
"11.10.2018","133,73","134,09","137,24","132,26","15,66M","-1,32%"
"10.10.2018","135,52","142,57","142,69","135,21","15,45M","-4,77%"
"09.10.2018","142,31","141,46","143,29","141,12","10,80M","0,30%"
"08.10.2018","141,89","145,01","145,01","140,18","11,64M","-2,39%"
"05.10.2018","145,36","146,64","147,41","144,40","7,09M","-0,95%"
"04.10.2018","146,76","149,18","149,28","146,10","9,21M","-1,75%"
"03.10.2018","149,37","150,71","150,71","149,19","7,52M","-0,20%"
"02.10.2018","149,67","150,84","150,84","149,17","8,05M","-0,74%"
"01.10.2018","150,79","150,89","151,56","150,61","9,80M","0,47%"
"28.09.2018","150,09","149,81","150,37","149,55","6,04M","0,05%"
"27.09.2018","150,02","149,90","150,64","149,56","5,87M","0,50%"
"26.09.2018","149,27","150,00","150,42","149,04","5,85M","-0,21%"
"25.09.2018","149,58","149,71","149,96","149,10","4,23M","0,32%"
"24.09.2018","149,11","149,16","149,65","147,27","6,71M","-0,63%"
"21.09.2018","150,05","149,95","150,26","149,35","15,63M","0,54%"
"20.09.2018","149,24","147,99","149,49","147,20","7,17M","1,23%"
"19.09.2018","147,42","148,28","148,82","147,25","7,43M","-0,14%"
"18.09.2018","147,63","146,20","148,09","145,95","5,69M","0,99%"
"17.09.2018","146,18","147,83","147,90","145,83","7,71M","-1,12%"
"14.09.2018","147,84","147,91","148,37","147,35","4,93M","0,14%"
"13.09.2018","147,63","147,15","148,06","147,09","5,80M","0,72%"
"12.09.2018","146,57","145,85","146,80","145,07","6,96M","0,74%"
"11.09.2018","145,49","143,46","145,52","143,25","9,90M","0,98%"
"10.09.2018","144,08","144,13","144,44","143,21","5,36M","0,61%"
"07.09.2018","143,20","143,99","144,44","142,75","13,63M","-0,90%"
"06.09.2018","144,50","143,29","144,70","142,54","9,59M","1,28%"
"05.09.2018","142,67","147,00","147,82","142,55","11,36M","-3,47%"
"04.09.2018","147,80","146,93","147,86","146,67","7,64M","0,62%"
"31.08.2018","146,89","146,74","147,64","146,50","5,79M","0,10%"
"30.08.2018","146,74","146,82","147,71","146,36","7,80M","-0,20%"
"29.08.2018","147,03","145,46","147,30","145,42","5,19M","1,26%"
"28.08.2018","145,20","145,63","146,17","144,87","4,93M","-0,14%"
"27.08.2018","145,40","144,99","145,60","144,71","7,19M","0,83%"
"24.08.2018","144,20","142,32","144,38","142,32","5,71M","1,48%"
"23.08.2018","142,10","141,01","142,44","140,77","4,43M","0,68%"
"22.08.2018","141,14","139,85","141,53","139,85","4,19M","0,79%"
"21.08.2018","140,04","141,00","141,46","139,80","6,85M","-0,64%"
"20.08.2018","140,94","141,54","141,60","140,70","4,66M","-0,28%"
"17.08.2018","141,33","140,78","141,71","140,56","7,70M","0,48%"
"16.08.2018","140,65","141,07","141,49","140,42","5,93M","0,52%"
"15.08.2018","139,92","140,35","140,69","138,84","5,29M","-0,60%"
"14.08.2018","140,76","140,30","140,99","139,88","5,89M","0,39%"
"13.08.2018","140,21","140,53","141,24","139,83","4,82M","0,34%"
"10.08.2018","139,73","139,88","140,74","139,25","6,52M","-0,20%"
"09.08.2018","140,01","140,73","141,24","139,90","5,68M","-0,48%"
"08.08.2018","140,68","139,98","140,99","139,83","5,39M","0,29%"
"07.08.2018","140,28","139,98","140,69","139,87","10,03M","0,41%"
"06.08.2018","139,71","139,65","140,26","139,05","5,14M","-0,08%"
"03.08.2018","139,82","139,29","139,86","137,94","4,62M","0,65%"
"02.08.2018","138,92","137,45","139,19","137,00","12,30M","0,48%"
"01.08.2018","138,25","137,74","138,74","137,41","7,09M","1,10%"
"31.07.2018","136,74","137,13","138,02","135,63","7,68M","0,19%"
"30.07.2018","136,48","140,13","140,42","135,31","12,81M","-3,01%"
"27.07.2018","140,71","143,08","143,14","139,21","7,02M","-1,26%"
"26.07.2018","142,50","141,61","142,79","139,53","10,52M","-0,10%"
"25.07.2018","142,64","140,34","142,77","139,90","8,39M","1,86%"
"24.07.2018","140,03","140,99","141,47","139,51","8,34M","0,00%"
"23.07.2018","140,03","140,66","140,97","139,64","7,72M","-0,68%"
"20.07.2018","140,99","140,00","141,47","139,92","7,16M","0,61%"
"19.07.2018","140,13","140,95","140,99","139,93","7,94M","-0,55%"
"18.07.2018","140,90","139,91","141,17","139,37","7,01M","0,90%"
"17.07.2018","139,64","138,18","139,91","137,42","5,41M","0,85%"
"16.07.2018","138,46","139,42","139,55","138,16","4,97M","-0,69%"
"13.07.2018","139,42","139,79","140,03","137,54","7,87M","-0,34%"
"12.07.2018","139,90","139,01","139,95","138,66","11,82M","1,27%"
"11.07.2018","138,15","136,63","138,81","136,60","10,65M","1,07%"
"10.07.2018","136,69","135,57","137,33","135,34","6,56M","0,86%"
"09.07.2018","135,52","134,94","135,97","134,79","8,96M","1,07%"
"06.07.2018","134,09","133,58","134,28","132,50","4,84M","0,60%"
"05.07.2018","133,29","132,13","133,33","131,83","4,73M","1,40%"
"03.07.2018","131,45","133,01","133,41","131,42","3,62M","-0,79%"
"02.07.2018","132,50","131,96","133,05","131,15","7,55M","0,04%"
"29.06.2018","132,45","133,28","134,19","132,45","7,26M","-0,22%"
"28.06.2018","132,74","131,00","133,12","130,65","6,58M","1,31%"
"27.06.2018","131,02","133,01","133,66","131,01","7,28M","-1,15%"
"26.06.2018","132,55","132,11","133,79","131,61","7,73M","1,24%"
"25.06.2018","130,93","134,91","134,91","129,53","10,09M","-3,25%"
"22.06.2018","135,33","135,60","135,85","134,26","6,17M","0,59%"
"21.06.2018","134,53","135,27","136,12","134,26","8,69M","-0,72%"
"20.06.2018","135,50","135,52","136,69","135,50","7,19M","0,29%"
"19.06.2018","135,11","134,56","135,24","133,57","6,56M","-0,80%"
"18.06.2018","136,20","134,37","136,31","134,12","8,71M","0,81%"
"15.06.2018","135,10","135,10","135,73","134,00","10,04M","0,07%"
"14.06.2018","135,00","134,96","135,70","134,75","6,46M","0,45%"
"13.06.2018","134,40","135,18","135,77","134,31","4,88M","-0,34%"
"12.06.2018","134,86","134,04","135,13","133,54","5,74M","0,71%"
"11.06.2018","133,91","134,90","135,19","133,81","7,99M","-0,62%"
"08.06.2018","134,74","133,44","134,91","133,23","5,26M","0,67%"
"07.06.2018","133,84","136,36","136,58","133,05","8,31M","-1,79%"
"06.06.2018","136,28","134,00","136,31","133,61","8,07M","2,04%"
"05.06.2018","133,56","133,38","133,62","132,70","6,20M","0,37%"
"04.06.2018","133,07","131,94","133,57","131,43","7,18M","1,70%"
"01.06.2018","130,85","131,84","132,51","130,36","8,32M","0,10%"
"31.05.2018","130,72","130,65","131,58","129,98","11,09M","0,06%"
"30.05.2018","130,64","130,20","131,10","129,87","10,63M","0,73%"
"29.05.2018","129,69","130,39","131,05","129,06","10,40M","-1,21%"
"25.05.2018","131,28","131,88","132,10","130,93","7,51M","-0,46%"
"24.05.2018","131,89","131,82","132,21","130,50","6,04M","0,01%"
"23.05.2018","131,88","130,06","131,91","129,80","6,57M","0,90%"
"22.05.2018","130,71","131,00","131,78","130,50","6,65M","0,04%"
"21.05.2018","130,66","130,95","131,51","129,99","5,59M","0,56%"
"18.05.2018","129,93","129,62","130,34","129,07","6,08M","0,00%"
"17.05.2018","129,93","130,58","130,80","129,61","4,91M","-0,73%"
"16.05.2018","130,89","131,09","131,40","130,54","5,12M","-0,16%"
"15.05.2018","131,10","130,56","131,40","129,90","5,53M","-0,08%"
"14.05.2018","131,21","132,43","132,50","130,67","5,02M","-0,46%"
"11.05.2018","131,82","131,00","132,09","130,23","5,44M","0,63%"
"10.05.2018","131,00","131,29","131,75","130,72","6,59M","0,12%"
"09.05.2018","130,84","130,01","131,00","129,59","6,12M","0,72%"
"08.05.2018","129,90","129,14","129,97","128,31","5,04M","0,50%"
"07.05.2018","129,26","128,40","129,52","128,25","5,74M","0,86%"
"04.05.2018","128,16","126,33","128,36","126,07","5,80M","0,77%"
"03.05.2018","127,18","125,81","127,46","125,32","6,78M","0,63%"
"02.05.2018","126,38","127,88","128,10","126,00","8,52M","-0,89%"
"01.05.2018","127,51","126,86","127,57","125,51","6,41M","0,50%"
"30.04.2018","126,88","126,74","127,90","126,66","8,45M","0,69%"
"27.04.2018","126,01","126,44","127,06","125,39","6,84M","-0,84%"
"26.04.2018","127,08","125,14","127,59","123,78","14,35M","4,84%"
"25.04.2018","121,21","121,14","121,35","119,37","8,00M","-0,05%"
"24.04.2018","121,27","124,87","125,04","120,55","9,43M","-2,56%"
"23.04.2018","124,46","124,30","124,97","123,90","8,00M","0,21%"
"20.04.2018","124,20","124,06","124,82","123,31","7,48M","0,19%"
"19.04.2018","123,96","124,31","124,72","123,15","7,29M","-0,42%"
"18.04.2018","124,48","124,06","124,87","123,38","5,17M","0,55%"
"17.04.2018","123,80","122,91","124,26","122,52","5,98M","1,58%"
"16.04.2018","121,88","122,11","122,87","121,51","6,90M","0,94%"
"13.04.2018","120,75","121,73","122,47","120,65","9,17M","-0,26%"
"12.04.2018","121,07","120,40","121,98","120,39","5,67M","1,08%"
"11.04.2018","119,78","119,99","121,66","119,62","5,87M","-0,78%"
"10.04.2018","120,72","120,56","121,16","119,64","9,01M","1,62%"
"09.04.2018","118,79","118,63","120,67","118,63","7,02M","0,93%"
"06.04.2018","117,70","120,18","120,56","117,12","8,38M","-2,88%"
"05.04.2018","121,19","121,00","122,01","120,37","6,82M","1,15%"
"04.04.2018","119,81","116,90","120,12","116,71","8,43M","0,51%"
"03.04.2018","119,20","118,89","119,99","117,49","7,08M","0,68%"
"02.04.2018","118,39","119,27","119,83","116,76","9,88M","-1,03%"
"29.03.2018","119,62","117,68","120,59","117,04","12,92M","2,25%"
"28.03.2018","116,99","116,93","118,07","116,03","9,42M","-0,35%"
"27.03.2018","117,40","121,52","121,60","116,74","9,01M","-2,69%"
"26.03.2018","120,64","119,09","120,74","117,80","8,74M","3,11%"
"23.03.2018","117,00","119,89","120,73","116,76","10,02M","-2,49%"
"22.03.2018","119,99","122,20","122,68","119,70","10,50M","-2,62%"
"21.03.2018","123,22","124,90","125,44","123,07","7,36M","-1,35%"
"20.03.2018","124,91","123,38","125,17","123,30","7,78M","1,38%"
"19.03.2018","123,21","123,94","124,31","122,28","17,39M","-1,06%"
"16.03.2018","124,53","123,85","125,05","123,33","9,45M","0,91%"
"15.03.2018","123,41","123,13","124,42","122,70","5,86M","0,68%"
"14.03.2018","122,58","124,04","124,04","121,90","7,85M","-0,50%"
"13.03.2018","123,20","124,25","125,00","122,90","9,48M","-0,84%"
"12.03.2018","124,24","124,75","124,98","123,48","8,64M","-0,22%"
"09.03.2018","124,51","123,25","124,79","122,87","6,40M","1,87%"
"08.03.2018","122,22","121,96","122,82","121,17","6,95M","0,30%"
"07.03.2018","121,85","120,03","122,24","119,70","7,25M","0,65%"
"06.03.2018","121,06","122,83","123,24","120,67","7,46M","-0,67%"
"05.03.2018","121,88","120,45","122,31","119,44","5,81M","0,92%"
"02.03.2018","120,77","119,09","120,98","117,86","7,58M","0,31%"
"01.03.2018","120,40","123,26","124,00","119,62","8,82M","-2,07%"
"28.02.2018","122,94","123,65","124,98","122,88","6,78M","-0,35%"
"27.02.2018","123,37","124,70","125,30","123,35","7,29M","-0,98%"
"26.02.2018","124,59","123,58","124,60","123,32","6,27M","1,35%"
"23.02.2018","122,93","121,57","122,96","121,22","5,04M","2,12%"
"22.02.2018","120,38","120,67","121,38","119,62","4,99M","-0,04%"
"21.02.2018","120,43","122,05","122,83","120,41","7,68M","-1,29%"
"20.02.2018","122,01","121,35","123,05","121,02","6,18M","0,13%"
"16.02.2018","121,85","121,63","122,99","121,57","6,37M","-0,35%"
"15.02.2018","122,28","121,70","122,31","119,97","6,92M","1,20%"
"14.02.2018","120,83","117,62","120,95","117,50","9,21M","2,10%"
"13.02.2018","118,35","117,85","118,80","117,13","7,80M","-0,10%"
"12.02.2018","118,47","117,79","118,84","116,88","11,53M","1,85%"
"09.02.2018","116,32","114,55","117,21","111,02","17,70M","2,16%"
"08.02.2018","113,86","119,53","119,82","113,54","12,67M","-4,84%"
"07.02.2018","119,65","120,09","122,46","119,21","9,29M","-0,27%"
"06.02.2018","119,97","115,20","120,30","113,25","19,05M","3,18%"
"05.02.2018","116,27","118,70","121,13","115,01","16,62M","-3,84%"
"02.02.2018","120,91","123,72","123,72","120,70","13,94M","-3,83%"
"01.02.2018","125,72","124,74","126,26","124,10","11,17M","1,20%"
"31.01.2018","124,23","123,78","124,48","123,04","7,34M","0,55%"
"30.01.2018","123,55","123,82","124,29","122,84","8,15M","-1,03%"
"29.01.2018","124,84","126,74","126,88","124,69","6,26M","-1,17%"
"26.01.2018","126,32","125,77","126,38","124,76","5,60M","0,88%"
"25.01.2018","125,22","125,00","125,47","124,63","7,17M","0,54%"
"24.01.2018","124,55","125,05","125,45","123,71","6,43M","-0,08%"
"23.01.2018","124,65","124,60","125,51","124,21","5,68M","0,26%"
"22.01.2018","124,33","122,87","124,33","122,40","9,36M","1,33%"
"19.01.2018","122,70","123,05","123,65","121,92","8,25M","-0,33%"
"18.01.2018","123,11","122,52","123,19","122,03","8,66M","0,93%"
"17.01.2018","121,98","121,20","122,16","120,73","7,99M","1,32%"
"16.01.2018","120,39","121,18","121,94","119,91","8,80M","0,25%"
"12.01.2018","120,09","120,12","120,35","119,71","5,59M","0,21%"
"11.01.2018","119,84","118,80","119,98","118,68","5,98M","0,72%"
"10.01.2018","118,98","118,69","119,05","117,46","7,49M","-0,11%"
"09.01.2018","119,11","119,97","119,97","118,66","6,56M","-0,19%"
"08.01.2018","119,34","118,61","120,48","118,07","6,66M","0,40%"
"05.01.2018","118,86","116,99","119,00","116,42","8,59M","2,39%"
"04.01.2018","116,08","116,25","117,36","116,03","7,81M","0,37%"
"03.01.2018","115,65","114,95","115,78","114,66","6,95M","1,00%"
"02.01.2018","114,51","114,57","115,08","113,95","6,08M","0,43%"
"29.12.2017","114,02","114,75","114,89","114,02","5,25M","-0,29%"
"28.12.2017","114,35","114,30","114,92","113,99","6,94M","0,29%"
"27.12.2017","114,02","112,69","114,07","112,65","7,07M","0,91%"
"26.12.2017","112,99","112,07","113,44","112,07","3,95M","0,27%"
"22.12.2017","112,69","112,39","113,11","112,25","6,19M","0,25%"
"21.12.2017","112,41","112,60","113,10","112,32","8,87M","0,26%"
"20.12.2017","112,12","112,72","113,10","111,99","6,20M","-0,02%"
"19.12.2017","112,14","113,28","113,28","112,08","7,90M","-1,24%"
"18.12.2017","113,55","114,69","114,75","113,25","8,96M","-0,24%"
"15.12.2017","113,82","113,97","114,20","112,39","16,39M","0,80%"
"14.12.2017","112,92","113,55","114,09","112,92","9,82M","-0,34%"
"13.12.2017","113,31","113,75","114,37","113,19","8,09M","-0,13%"
"12.12.2017","113,46","112,37","113,73","112,00","8,75M","0,97%"
"11.12.2017","112,37","112,50","113,35","112,16","7,54M","-0,20%"
"08.12.2017","112,60","112,13","112,61","111,81","7,59M","1,08%"
"07.12.2017","111,40","109,77","111,41","109,45","7,38M","1,51%"
"06.12.2017","109,74","108,49","110,17","108,25","7,53M","1,07%"
"05.12.2017","108,58","107,54","109,24","106,60","12,08M","1,07%"
"04.12.2017","107,43","111,33","111,45","106,97","18,91M","-2,98%"
"01.12.2017","110,73","112,38","112,44","109,76","13,10M","-1,65%"
"30.11.2017","112,59","110,50","112,59","110,03","18,53M","2,48%"
"29.11.2017","109,86","113,62","113,62","106,90","14,51M","-3,09%"
"28.11.2017","113,36","112,60","113,61","112,56","6,67M","0,87%"
"27.11.2017","112,38","112,00","112,54","111,91","6,62M","0,37%"
"24.11.2017","111,97","111,31","112,16","111,14","3,05M","1,04%"
"22.11.2017","110,82","111,50","111,66","110,70","4,07M","-0,57%"
"21.11.2017","111,45","110,45","111,49","110,30","6,46M","1,36%"
"20.11.2017","109,95","109,95","110,68","109,69","6,87M","0,12%"
"17.11.2017","109,82","110,69","110,91","109,70","8,81M","-1,08%"
"16.11.2017","111,02","110,75","111,44","110,57","5,66M","0,70%"
"15.11.2017","110,25","111,34","111,87","110,14","6,90M","-1,54%"
"14.11.2017","111,98","111,08","112,04","110,81","5,68M","0,52%"
"13.11.2017","111,40","111,55","111,86","111,33","7,19M","-0,43%"
"10.11.2017","111,88","111,71","111,98","111,28","4,20M","-0,23%"
"09.11.2017","112,14","111,80","112,22","110,93","4,33M","-0,29%"
"08.11.2017","112,47","112,01","112,91","111,82","4,42M","0,34%"
"07.11.2017","112,09","112,25","112,47","111,56","3,70M","0,15%"
"06.11.2017","111,92","111,36","112,15","111,20","4,09M","0,50%"
"03.11.2017","111,36","110,94","111,42","110,50","3,76M","0,34%"
"02.11.2017","110,98","111,02","111,37","110,20","5,51M","-0,08%"
"01.11.2017","111,07","110,50","111,40","110,42","6,17M","0,99%"
"31.10.2017","109,98","110,58","110,69","108,66","8,00M","-0,05%"
"30.10.2017","110,04","109,67","110,23","108,92","5,15M","0,30%"
"27.10.2017","109,71","110,07","110,13","108,69","7,86M","-0,08%"
"26.10.2017","109,80","110,38","110,74","109,67","7,38M","0,28%"
"25.10.2017","109,49","109,41","110,61","108,00","13,26M","1,00%"
"24.10.2017","108,41","107,56","108,64","107,18","10,51M","0,82%"
"23.10.2017","107,53","108,05","108,23","107,09","6,32M","-0,02%"
"20.10.2017","107,55","107,70","107,70","106,97","7,85M","0,50%"
"19.10.2017","107,02","107,27","107,78","106,90","10,84M","-0,72%"
"18.10.2017","107,80","107,62","108,00","107,46","4,82M","0,24%"
"17.10.2017","107,54","108,25","108,42","107,30","5,98M","-0,70%"
"16.10.2017","108,30","108,79","109,05","107,16","5,55M","-0,33%"
"13.10.2017","108,66","108,50","109,26","108,40","5,15M","0,51%"
"12.10.2017","108,11","108,50","108,71","107,90","6,50M","-0,30%"
"11.10.2017","108,44","107,70","108,59","107,60","6,47M","1,05%"
"10.10.2017","107,31","107,58","107,60","106,82","4,02M","0,28%"
"09.10.2017","107,01","106,60","107,65","106,54","4,79M","0,26%"
"06.10.2017","106,73","106,29","106,96","105,87","4,59M","0,46%"
"05.10.2017","106,24","105,60","106,25","105,15","4,40M","0,88%"
"04.10.2017","105,31","105,71","105,74","104,90","4,15M","-0,27%"
"03.10.2017","105,59","105,65","105,90","105,29","4,41M","0,14%"
"02.10.2017","105,44","105,54","105,99","105,10","4,89M","0,19%"
"29.09.2017","105,24","104,75","105,43","104,69","7,68M","0,63%"
"28.09.2017","104,58","103,75","104,98","103,74","5,95M","0,66%"
"27.09.2017","103,89","103,07","104,12","102,90","8,34M","0,92%"
"26.09.2017","102,94","103,11","104,02","102,88","6,26M","-0,08%"
"25.09.2017","103,02","105,50","105,65","102,75","9,40M","-2,41%"
"22.09.2017","105,56","105,21","105,68","105,06","4,96M","0,24%"
"21.09.2017","105,31","105,00","105,61","104,65","4,78M","0,32%"
"20.09.2017","104,97","105,50","105,77","104,46","8,20M","-0,42%"
"19.09.2017","105,41","105,13","105,93","104,83","9,75M","0,55%"
"18.09.2017","104,83","105,35","105,52","104,62","7,33M","-0,45%"
"15.09.2017","105,30","105,74","106,14","104,95","12,62M","-0,74%"
"14.09.2017","106,08","105,50","106,83","105,50","8,14M","0,24%"
"13.09.2017","105,83","106,26","106,26","105,24","6,22M","-0,36%"
"12.09.2017","106,21","106,64","106,64","105,76","5,21M","0,06%"
"11.09.2017","106,15","105,48","106,15","105,15","6,96M","1,65%"
"08.09.2017","104,43","104,33","104,77","104,06","5,79M","-0,12%"
"07.09.2017","104,56","103,71","105,44","103,61","6,51M","1,34%"
"06.09.2017","103,18","103,34","103,75","103,10","6,37M","0,17%"
"05.09.2017","103,01","103,40","103,46","102,26","6,34M","-0,86%"
"01.09.2017","103,90","104,04","104,08","103,44","4,47M","0,37%"
"31.08.2017","103,52","104,06","104,19","103,03","13,77M","-0,20%"
"30.08.2017","103,73","103,70","104,00","103,52","8,71M","-0,04%"
"29.08.2017","103,77","102,92","104,07","102,64","7,14M","-0,01%"
"28.08.2017","103,78","103,65","103,83","103,26","3,92M","0,42%"
"25.08.2017","103,35","103,65","103,88","103,16","4,47M","0,13%"
"24.08.2017","103,22","103,32","103,50","102,64","4,08M","0,04%"
"23.08.2017","103,18","103,77","103,97","102,99","5,06M","-0,86%"
"22.08.2017","104,07","103,44","104,20","103,14","5,48M","0,82%"
"21.08.2017","103,22","102,62","103,35","102,33","5,39M","0,69%"
"18.08.2017","102,51","102,08","103,09","101,94","5,67M","0,34%"
"17.08.2017","102,16","103,33","103,53","102,16","7,38M","-1,12%"
"16.08.2017","103,32","102,76","103,93","102,64","13,41M","0,67%"
"15.08.2017","102,63","102,36","102,78","101,97","5,39M","0,75%"
"14.08.2017","101,87","100,98","102,11","100,75","5,66M","1,78%"
"11.08.2017","100,09","99,55","100,30","99,53","5,27M","0,60%"
"10.08.2017","99,49","100,54","100,88","99,43","8,56M","-1,47%"
"09.08.2017","100,97","100,76","101,30","100,60","6,90M","-0,31%"
"08.08.2017","101,28","101,50","101,72","100,93","6,28M","-0,21%"
"07.08.2017","101,49","100,92","101,53","100,59","7,05M","0,59%"
"04.08.2017","100,89","100,96","101,34","100,61","4,62M","0,30%"
"03.08.2017","100,59","100,94","101,09","100,33","5,70M","-0,68%"
"02.08.2017","101,28","101,03","101,28","100,24","5,96M","0,41%"
"01.08.2017","100,87","100,36","101,06","99,96","6,02M","1,32%"
"31.07.2017","99,56","99,50","100,00","99,14","7,58M","0,41%"
"28.07.2017","99,15","99,12","99,59","98,51","6,56M","-0,42%"
"27.07.2017","99,57","100,97","101,18","98,55","10,54M","-1,27%"
"26.07.2017","100,85","100,01","100,98","99,86","7,21M","0,86%"
"25.07.2017","99,99","100,65","100,85","99,80","6,77M","-0,38%"
"24.07.2017","100,37","99,55","100,42","99,14","9,19M","0,77%"
"21.07.2017","99,60","99,60","100,49","99,09","17,40M","1,52%"
"20.07.2017","98,11","99,11","99,14","97,93","8,57M","-0,14%"
"19.07.2017","98,25","97,64","98,33","97,55","6,39M","0,69%"
"18.07.2017","97,58","96,85","97,75","96,61","7,43M","0,77%"
"17.07.2017","96,83","97,11","97,29","96,59","5,91M","-0,10%"
"14.07.2017","96,93","96,14","97,37","96,12","6,20M","1,03%"
"13.07.2017","95,94","96,42","96,65","95,77","6,72M","-0,25%"
"12.07.2017","96,18","95,98","96,45","95,63","5,97M","0,81%"
"11.07.2017","95,41","95,08","95,63","94,93","5,55M","0,34%"
"10.07.2017","95,09","94,15","95,37","94,15","8,85M","1,25%"
"07.07.2017","93,92","93,50","94,41","93,50","6,18M","0,72%"
"06.07.2017","93,25","93,45","93,97","93,19","8,22M","-0,81%"
"05.07.2017","94,01","93,75","94,40","93,72","9,34M","0,71%"
"03.07.2017","93,35","94,38","94,41","93,35","6,20M","-0,46%"
"30.06.2017","93,78","94,38","94,62","93,78","9,04M","-0,68%"
"29.06.2017","94,42","95,79","95,79","94,01","8,87M","-1,88%"
"28.06.2017","96,23","95,15","96,40","94,66","5,57M","1,40%"
"27.06.2017","94,90","95,15","95,34","94,63","6,28M","-0,34%"
"26.06.2017","95,22","95,80","96,27","95,10","6,97M","-0,38%"
"23.06.2017","95,58","94,16","95,65","93,89","11,64M","1,73%"
"22.06.2017","93,95","94,49","94,51","93,87","5,85M","-0,62%"
"21.06.2017","94,54","94,61","94,77","94,07","5,61M","0,17%"
"20.06.2017","94,38","94,79","94,95","94,33","5,63M","-0,43%"
"19.06.2017","94,79","94,75","94,85","94,25","5,98M","0,66%"
"16.06.2017","94,17","94,31","94,44","93,74","14,71M","0,00%"
"15.06.2017","94,17","94,44","94,53","93,53","12,79M","-1,21%"
"14.06.2017","95,32","95,32","96,00","94,95","6,35M","0,25%"
"13.06.2017","95,08","94,00","95,34","93,97","8,70M","1,69%"
"12.06.2017","93,50","93,69","94,04","92,80","15,61M","-1,12%"
"09.06.2017","94,56","96,09","96,25","93,71","16,89M","-1,59%"
"08.06.2017","96,09","95,87","96,12","95,29","7,72M","0,00%"
"07.06.2017","96,09","96,03","96,22","95,76","6,72M","0,31%"
"06.06.2017","95,79","96,27","96,60","95,56","7,03M","-0,79%"
"05.06.2017","96,55","96,32","96,59","96,11","14,51M","0,42%"
"02.06.2017","96,15","95,41","96,19","95,41","8,57M","0,79%"
"01.06.2017","95,40","95,40","95,45","94,61","8,91M","0,18%"
"31.05.2017","95,23","95,08","95,53","94,46","9,87M","0,54%"
"30.05.2017","94,72","94,66","94,88","94,34","6,29M","0,05%"
"26.05.2017","94,67","95,00","95,12","94,39","4,13M","-0,39%"
"25.05.2017","95,04","95,09","95,38","94,89","7,26M","0,24%"
"24.05.2017","94,81","94,02","94,99","94,02","6,92M","1,01%"
"23.05.2017","93,86","93,56","94,07","93,47","7,62M","0,59%"
"22.05.2017","93,31","92,53","93,60","92,43","9,19M","0,90%"
"19.05.2017","92,48","91,98","92,81","91,71","9,36M","0,84%"
"18.05.2017","91,71","91,36","92,48","91,36","8,24M","-0,05%"
"17.05.2017","91,76","92,48","92,76","91,71","8,24M","-1,49%"
"16.05.2017","93,15","93,35","93,72","92,97","5,50M","-0,09%"
"15.05.2017","93,23","92,73","93,42","92,72","7,04M","0,54%"
"12.05.2017","92,73","92,19","92,78","91,98","5,90M","0,68%"
"11.05.2017","92,10","92,12","92,31","91,62","7,05M","-0,16%"
"10.05.2017","92,25","91,70","92,41","91,68","6,75M","0,27%"
"09.05.2017","92,00","91,90","92,14","91,83","3,97M","0,09%"
"08.05.2017","91,92","92,05","92,16","91,52","5,22M","-0,18%"
"05.05.2017","92,09","92,90","92,98","91,76","8,84M","-0,57%"
"04.05.2017","92,62","92,70","92,85","92,25","5,26M","0,19%"
"03.05.2017","92,44","92,40","92,55","91,97","4,91M","-0,11%"
"02.05.2017","92,54","91,62","92,75","91,53","11,63M","1,40%"
"01.05.2017","91,26","91,29","91,67","91,14","9,04M","0,04%"
"28.04.2017","91,22","91,39","91,55","90,98","6,89M","-0,41%"
"27.04.2017","91,60","91,95","92,00","91,28","5,86M","-0,24%"
"26.04.2017","91,82","92,02","92,48","91,75","11,30M","-0,31%"
"25.04.2017","92,11","91,99","92,35","91,58","7,77M","0,28%"
"24.04.2017","91,85","92,15","92,50","91,01","11,71M","0,77%"
"21.04.2017","91,15","92,77","92,80","91,02","19,44M","0,00%"
"20.04.2017","91,15","90,14","91,50","89,90","12,18M","1,56%"
"19.04.2017","89,75","90,09","90,62","89,60","7,30M","0,02%"
"18.04.2017","89,73","89,64","89,92","89,24","6,82M","-0,09%"
"17.04.2017","89,81","89,09","89,90","88,75","6,12M","1,06%"
"13.04.2017","88,87","88,47","89,78","88,43","7,24M","0,21%"
"12.04.2017","88,68","88,70","89,21","88,56","5,91M","-0,19%"
"11.04.2017","88,85","88,60","88,85","88,13","7,06M","-0,01%"
"10.04.2017","88,86","88,62","89,25","88,52","6,00M","0,14%"
"07.04.2017","88,74","88,97","89,24","88,52","5,44M","-0,39%"
"06.04.2017","89,09","89,00","89,26","88,78","8,47M","0,07%"
"05.04.2017","89,03","89,13","90,20","88,95","7,25M","0,28%"
"04.04.2017","88,78","89,01","89,33","88,66","4,86M","-0,65%"
"03.04.2017","89,36","89,14","89,46","88,40","9,13M","0,55%"
"31.03.2017","88,87","88,98","89,35","88,87","6,43M","-0,16%"
"30.03.2017","89,01","89,08","89,09","88,60","6,23M","-0,19%"
"29.03.2017","89,18","88,99","89,39","88,56","4,74M","0,07%"
"28.03.2017","89,12","89,12","89,42","88,49","7,05M","0,19%"
"27.03.2017","88,95","88,31","88,99","88,07","5,23M","-0,27%"
"24.03.2017","89,19","89,06","89,61","88,97","7,60M","0,37%"
"23.03.2017","88,86","88,47","89,39","88,42","7,71M","0,38%"
"22.03.2017","88,52","87,85","89,03","87,85","7,83M","0,52%"
"21.03.2017","88,06","89,49","89,71","88,00","11,09M","-1,26%"
"20.03.2017","89,18","90,29","92,05","88,97","9,44M","-1,17%"
"17.03.2017","90,24","90,25","90,63","90,17","8,61M","0,22%"
"16.03.2017","90,04","90,31","90,33","89,47","9,17M","0,13%"
"15.03.2017","89,92","89,75","90,10","89,41","6,35M","0,41%"
"14.03.2017","89,55","89,93","90,03","89,24","6,01M","-0,62%"
"13.03.2017","90,11","89,80","90,31","89,61","8,94M","0,42%"
"10.03.2017","89,73","89,50","89,86","89,10","12,25M","0,70%"
"09.03.2017","89,11","89,02","89,50","88,71","5,95M","0,17%"
"08.03.2017","88,96","89,17","89,30","88,87","5,87M","-0,11%"
"07.03.2017","89,06","88,99","89,30","88,85","5,69M","0,13%"
"06.03.2017","88,94","88,53","89,27","88,27","7,35M","0,17%"
"03.03.2017","88,79","88,31","88,91","88,18","5,71M","0,29%"
"02.03.2017","88,53","89,00","89,13","88,10","10,54M","-0,52%"
"01.03.2017","88,99","88,74","89,14","88,42","11,13M","1,19%"
"28.02.2017","87,94","88,16","88,38","87,75","8,57M","-0,07%"
"27.02.2017","88,00","88,32","88,38","87,91","6,13M","-0,49%"
"24.02.2017","88,43","87,36","88,43","87,30","5,15M","0,28%"
"23.02.2017","88,18","88,23","88,49","87,87","6,04M","0,43%"
"22.02.2017","87,80","87,61","88,15","87,51","8,39M","-0,14%"
"21.02.2017","87,92","87,51","88,04","87,17","9,30M","0,53%"
"17.02.2017","87,46","87,27","87,68","86,98","5,89M","0,06%"
"16.02.2017","87,41","87,55","87,68","86,79","8,68M","-0,15%"
"15.02.2017","87,54","87,02","87,54","86,70","8,05M","0,79%"
"14.02.2017","86,85","86,52","86,97","86,26","5,95M","0,47%"
"13.02.2017","86,44","86,20","86,70","86,00","6,05M","0,63%"
"10.02.2017","85,90","85,80","86,14","85,23","10,43M","0,37%"
"09.02.2017","85,58","85,37","85,77","84,88","6,55M","0,58%"
"08.02.2017","85,09","85,80","85,84","85,08","7,59M","-0,80%"
"07.02.2017","85,78","85,96","86,35","85,67","8,60M","-0,06%"
"06.02.2017","85,83","86,07","86,10","85,51","9,67M","-0,29%"
"03.02.2017","86,08","85,74","86,82","85,11","28,08M","4,59%"
"02.02.2017","82,30","82,14","82,70","81,57","11,14M","-0,17%"
"01.02.2017","82,44","82,90","83,09","82,05","7,53M","-0,33%"
"31.01.2017","82,71","82,13","83,28","82,10","7,48M","-1,18%"
"30.01.2017","83,70","83,47","83,74","82,66","8,79M","-0,08%"
"27.01.2017","83,77","83,32","83,80","82,92","5,45M","0,64%"
"26.01.2017","83,24","83,92","83,92","83,08","8,43M","-0,79%"
"25.01.2017","83,90","83,79","84,27","83,45","9,36M","0,80%"
"24.01.2017","83,23","82,40","83,49","81,85","8,40M","1,31%"
"23.01.2017","82,15","81,70","82,30","81,50","7,41M","0,38%"
"20.01.2017","81,84","82,09","82,28","81,61","9,05M","0,13%"
"19.01.2017","81,73","81,79","81,85","81,41","6,48M","0,17%"
"18.01.2017","81,59","81,27","81,83","80,98","8,51M","0,41%"
"17.01.2017","81,26","80,76","81,49","80,76","6,33M","0,11%"
"13.01.2017","81,17","81,02","81,85","80,79","7,29M","-0,25%"
"12.01.2017","81,37","81,05","81,47","80,51","6,88M","-0,53%"
"11.01.2017","81,80","81,25","81,80","80,91","7,50M","0,60%"
"10.01.2017","81,31","81,70","81,90","81,13","6,02M","-0,54%"
"09.01.2017","81,75","82,28","82,45","81,65","7,31M","-0,56%"
"06.01.2017","82,21","81,30","82,49","80,94","8,90M","1,38%"
"05.01.2017","81,09","80,34","81,53","80,22","7,81M","1,17%"
"04.01.2017","80,15","79,44","80,26","79,36","8,03M","0,82%"
"03.01.2017","79,50","78,76","79,91","78,49","13,79M","1,90%"
"30.12.2016","78,02","78,43","78,54","77,94","7,13M","-0,40%"
"29.12.2016","78,33","78,49","78,84","78,30","6,24M","0,04%"
"28.12.2016","78,30","78,40","78,65","77,97","7,59M","-0,06%"
"27.12.2016","78,35","78,27","78,85","78,23","3,78M","0,26%"
"23.12.2016","78,15","78,08","78,48","77,90","6,19M","0,32%"
"22.12.2016","77,90","78,02","78,06","77,19","12,07M","-0,31%"
"21.12.2016","78,14","78,48","78,55","77,98","9,34M","-0,28%"
"20.12.2016","78,36","78,41","78,58","77,69","6,92M","0,33%"
"19.12.2016","78,10","78,04","78,60","78,02","8,70M","-0,32%"
"16.12.2016","78,35","79,22","79,46","78,17","19,14M","-1,45%"
"15.12.2016","79,50","79,37","80,39","79,13","14,07M","0,47%"
"14.12.2016","79,13","79,28","79,98","79,12","20,15M","-0,09%"
"13.12.2016","79,20","78,81","79,50","78,25","13,00M","0,89%"
"12.12.2016","78,50","78,99","79,03","77,92","11,94M","-0,81%"
"09.12.2016","79,14","79,15","79,93","78,83","10,73M","-0,18%"
"08.12.2016","79,28","79,68","79,87","78,97","13,32M","-0,04%"
"07.12.2016","79,31","77,27","79,49","77,25","13,92M","2,85%"
"06.12.2016","77,11","77,94","77,97","76,71","13,90M","-0,26%"
"05.12.2016","77,31","76,63","77,60","76,55","12,12M","2,10%"
"02.12.2016","75,72","75,40","76,25","75,17","13,63M","0,38%"
"01.12.2016","75,43","77,57","77,62","75,25","21,05M","-2,44%"
"30.11.2016","77,32","79,45","79,45","77,28","15,35M","-2,31%"
"29.11.2016","79,15","79,12","79,58","78,95","8,58M","0,09%"
"28.11.2016","79,08","79,66","80,01","79,05","11,79M","-1,31%"
"25.11.2016","80,13","79,99","80,37","79,74","6,50M","0,70%"
"23.11.2016","79,57","79,98","79,99","78,95","12,86M","-0,45%"
"22.11.2016","79,93","81,69","81,69","79,26","18,13M","-2,15%"
"21.11.2016","81,69","81,23","81,78","80,90","8,94M","1,08%"
"18.11.2016","80,82","81,15","81,50","80,53","7,92M","-0,31%"
"17.11.2016","81,07","80,32","81,20","80,18","8,08M","1,24%"
"16.11.2016","80,08","78,79","80,19","78,76","10,00M","1,92%"
"15.11.2016","78,57","78,23","79,54","77,80","18,52M","0,24%"
"14.11.2016","78,38","82,02","82,22","77,30","21,77M","-4,27%"
"11.11.2016","81,88","81,59","82,63","81,52","7,37M","0,01%"
"10.11.2016","81,87","83,30","83,96","81,42","17,17M","-1,65%"
"09.11.2016","83,24","81,81","83,30","81,22","12,16M","0,43%"
"08.11.2016","82,88","82,39","83,16","82,15","7,15M","0,45%"
"07.11.2016","82,51","81,64","82,53","81,45","7,28M","2,68%"
"04.11.2016","80,36","80,65","81,24","80,33","7,59M","-0,36%"
"03.11.2016","80,65","80,75","81,13","80,54","7,56M","0,09%"
"02.11.2016","80,58","80,89","81,38","80,52","9,17M","-1,27%"
"01.11.2016","81,62","82,64","82,69","81,33","10,88M","-1,08%"
"31.10.2016","82,51","82,44","82,90","82,36","10,02M","0,35%"
"28.10.2016","82,22","82,52","83,36","82,11","10,92M","0,37%"
"27.10.2016","81,92","81,96","82,27","81,61","7,04M","0,21%"
"26.10.2016","81,75","81,62","82,26","81,41","8,75M","-0,34%"
"25.10.2016","82,03","82,15","82,99","81,70","15,09M","-1,37%"
"24.10.2016","83,17","83,27","83,59","82,71","16,27M","1,00%"
"21.10.2016","82,35","82,02","82,54","81,58","8,04M","-0,18%"
"20.10.2016","82,50","83,05","83,10","82,17","6,95M","-0,37%"
"19.10.2016","82,81","81,65","82,87","81,65","8,44M","1,51%"
"18.10.2016","81,58","81,50","82,37","81,35","11,68M","-0,69%"
"17.10.2016","82,15","82,58","82,69","82,04","8,47M","-0,36%"
"14.10.2016","82,45","82,04","83,19","82,04","6,70M","0,71%"
"13.10.2016","81,87","81,65","82,13","81,11","6,81M","-0,46%"
"12.10.2016","82,25","81,84","82,54","81,82","3,92M","0,26%"
"11.10.2016","82,04","82,68","82,79","81,57","6,23M","-1,30%"
"10.10.2016","83,12","83,13","83,54","82,94","7,37M","0,29%"
"07.10.2016","82,88","83,49","83,70","82,64","8,24M","-0,58%"
"06.10.2016","83,36","83,12","83,48","82,88","7,69M","0,01%"
"05.10.2016","83,35","82,96","83,45","82,90","6,16M","0,75%"
"04.10.2016","82,73","83,28","83,53","82,58","5,77M","-0,16%"
"03.10.2016","82,86","82,42","83,11","82,30","8,16M","0,19%"
"30.09.2016","82,70","82,16","83,03","81,68","9,78M","0,95%"
"29.09.2016","81,92","82,72","83,06","81,79","5,89M","-1,27%"
"28.09.2016","82,97","82,38","83,01","81,94","7,97M","0,99%"
"27.09.2016","82,16","81,79","82,38","81,50","7,97M","0,43%"
"26.09.2016","81,81","82,15","82,26","81,69","8,49M","-0,88%"
"23.09.2016","82,54","83,33","83,45","82,52","8,28M","-0,98%"
"22.09.2016","83,36","83,42","83,79","83,20","6,60M","0,17%"
"21.09.2016","83,22","82,92","83,25","82,27","7,54M","0,90%"
"20.09.2016","82,48","82,97","83,23","82,32","6,47M","-0,04%"
"19.09.2016","82,51","82,43","83,04","82,23","8,36M","0,54%"
"16.09.2016","82,07","81,74","82,26","81,42","11,70M","0,07%"
"15.09.2016","82,01","81,42","82,13","81,19","10,64M","0,64%"
"14.09.2016","81,49","81,46","82,22","81,45","11,00M","-0,49%"
"13.09.2016","81,89","82,41","82,44","81,62","8,83M","-1,30%"
"12.09.2016","82,97","81,34","83,13","81,18","9,88M","2,02%"
"09.09.2016","81,33","82,40","82,81","81,33","11,56M","-1,98%"
"08.09.2016","82,97","83,02","83,63","82,59","7,96M","-0,32%"
"07.09.2016","83,24","82,48","83,26","82,36","9,30M","0,86%"
"06.09.2016","82,53","82,00","82,53","81,81","8,14M","0,65%"
"02.09.2016","82,00","81,57","82,14","81,50","6,41M","0,86%"
"01.09.2016","81,30","81,14","81,55","80,97","6,24M","0,49%"
"31.08.2016","80,90","80,95","81,20","80,71","7,39M","-0,33%"
"30.08.2016","81,17","81,00","81,19","80,72","4,13M","0,37%"
"29.08.2016","80,87","80,54","80,99","80,54","4,77M","0,37%"
"26.08.2016","80,57","80,62","81,14","80,17","7,93M","0,31%"
"25.08.2016","80,32","80,29","80,52","80,00","5,77M","0,04%"
"24.08.2016","80,29","80,80","80,98","80,19","5,03M","-0,63%"
"23.08.2016","80,80","81,37","81,76","80,80","10,01M","-0,32%"
"22.08.2016","81,06","80,34","81,08","79,96","7,95M","0,73%"
"19.08.2016","80,47","80,01","80,47","79,74","8,48M","0,25%"
"18.08.2016","80,27","80,01","80,59","79,91","7,45M","-0,71%"
"17.08.2016","80,84","80,71","80,86","80,40","4,66M","0,04%"
"16.08.2016","80,81","80,42","80,91","80,22","6,18M","-0,12%"
"15.08.2016","80,91","80,13","81,15","80,02","6,29M","1,11%"
"12.08.2016","80,02","79,80","80,08","79,65","4,42M","-0,12%"
"11.08.2016","80,12","80,00","80,28","79,84","6,58M","0,55%"
"10.08.2016","79,68","79,97","80,22","79,51","5,95M","-0,47%"
"09.08.2016","80,06","79,96","80,48","79,95","4,46M","0,14%"
"08.08.2016","79,95","80,23","80,34","79,80","5,12M","-0,24%"
"05.08.2016","80,14","79,73","80,24","79,66","6,66M","0,83%"
"04.08.2016","79,48","78,83","79,65","78,75","5,95M","0,98%"
"03.08.2016","78,71","78,28","78,71","78,21","7,27M","0,55%"
"02.08.2016","78,28","78,07","78,47","77,75","7,91M","0,03%"
"01.08.2016","78,26","78,31","78,53","77,73","8,91M","0,27%"
"29.07.2016","78,05","79,24","79,35","78,00","7,78M","-1,44%"
"28.07.2016","79,19","78,69","80,00","78,55","8,71M","0,84%"
"27.07.2016","78,53","78,46","78,79","77,53","10,19M","0,05%"
"26.07.2016","78,49","78,98","79,06","77,94","9,67M","-0,57%"
"25.07.2016","78,94","80,17","80,17","78,73","7,98M","-1,21%"
"22.07.2016","79,91","79,98","80,08","78,33","12,53M","1,42%"
"21.07.2016","78,79","79,44","79,73","78,40","9,23M","-0,72%"
"20.07.2016","79,36","78,75","79,75","78,75","7,92M","0,81%"
"19.07.2016","78,72","77,75","78,89","77,63","9,40M","0,52%"
"18.07.2016","78,31","78,35","78,70","78,23","4,86M","0,01%"
"15.07.2016","78,30","78,65","78,75","78,05","8,15M","0,20%"
"14.07.2016","78,14","78,06","78,54","77,69","6,61M","0,88%"
"13.07.2016","77,46","77,68","77,78","77,20","6,56M","-0,03%"
"12.07.2016","77,48","76,68","77,57","76,55","10,25M","1,25%"
"11.07.2016","76,52","76,81","77,19","76,39","8,19M","0,13%"
"08.07.2016","76,42","75,30","76,55","74,79","10,97M","2,56%"
"07.07.2016","74,51","74,32","75,29","74,27","8,81M","0,61%"
"06.07.2016","74,06","74,12","74,75","73,83","11,26M","-0,82%"
"05.07.2016","74,67","74,25","74,97","73,83","11,08M","0,26%"
"01.07.2016","74,48","74,50","75,94","74,10","13,82M","0,42%"
"30.06.2016","74,17","76,99","77,14","73,80","24,88M","-3,35%"
"29.06.2016","76,74","75,98","76,76","75,71","12,18M","2,10%"
"28.06.2016","75,16","75,04","75,50","74,49","14,82M","2,48%"
"27.06.2016","73,34","74,18","74,58","73,25","16,35M","-2,28%"
"24.06.2016","75,05","74,80","76,04","74,45","18,37M","-4,06%"
"23.06.2016","78,23","77,76","78,24","76,87","13,57M","2,22%"
"22.06.2016","76,53","77,58","77,76","76,53","9,63M","-1,03%"
"21.06.2016","77,33","77,81","78,01","77,15","9,20M","-0,01%"
"20.06.2016","77,34","78,30","78,38","77,32","9,96M","0,45%"
"17.06.2016","76,99","78,32","78,33","76,83","14,60M","-1,74%"
"16.06.2016","78,35","77,89","78,52","77,14","9,65M","0,23%"
"15.06.2016","78,17","78,57","78,84","78,05","7,42M","-0,51%"
"14.06.2016","78,57","78,12","78,75","77,96","7,89M","0,22%"
"13.06.2016","78,40","79,00","80,18","78,38","10,42M","-2,22%"
"10.06.2016","80,18","80,75","80,75","79,84","7,86M","-1,33%"
"09.06.2016","81,26","81,23","81,54","80,98","6,67M","-0,48%"
"08.06.2016","81,65","80,60","81,71","80,47","8,86M","1,30%"
"07.06.2016","80,60","80,70","81,00","80,54","5,52M","0,07%"
"06.06.2016","80,54","80,29","80,90","80,17","7,62M","0,75%"
"03.06.2016","79,94","79,55","80,20","79,16","7,63M","-0,01%"
"02.06.2016","79,95","79,27","79,95","78,93","5,63M","0,92%"
"01.06.2016","79,22","78,69","79,31","78,57","4,51M","0,35%"
"31.05.2016","78,94","79,86","79,87","78,76","8,64M","-0,90%"
"27.05.2016","79,66","78,84","79,66","78,84","4,37M","0,84%"
"26.05.2016","79,00","79,40","79,40","78,87","4,28M","-0,08%"
"25.05.2016","79,06","79,50","79,67","78,95","5,85M","-0,40%"
"24.05.2016","79,38","77,66","79,50","77,66","7,58M","2,81%"
"23.05.2016","77,21","77,76","77,99","77,14","5,93M","-0,59%"
"20.05.2016","77,67","77,34","78,04","77,18","6,30M","1,03%"
"19.05.2016","76,88","76,87","77,25","76,22","5,55M","-0,71%"
"18.05.2016","77,43","76,71","77,88","76,40","6,29M","0,83%"
"17.05.2016","76,79","77,57","77,92","76,52","7,17M","-1,30%"
"16.05.2016","77,80","77,02","78,06","76,96","8,60M","1,26%"
"13.05.2016","76,83","77,71","78,28","76,83","7,56M","-1,36%"
"12.05.2016","77,89","77,80","78,19","77,07","7,51M","0,76%"
"11.05.2016","77,30","79,14","79,33","77,29","8,43M","-2,40%"
"10.05.2016","79,20","78,42","79,33","78,41","6,80M","1,25%"
"09.05.2016","78,22","77,69","78,36","77,58","9,24M","0,64%"
"06.05.2016","77,72","77,23","77,80","76,78","6,17M","0,47%"
"05.05.2016","77,36","77,14","77,70","77,01","6,00M","0,38%"
"04.05.2016","77,07","76,56","77,38","76,35","8,85M","-0,16%"
"03.05.2016","77,19","77,43","78,36","76,93","7,67M","-1,62%"
"02.05.2016","78,46","77,81","78,47","77,16","7,64M","1,58%"
"29.04.2016","77,24","77,52","78,01","76,86","8,09M","-0,57%"
"28.04.2016","77,68","78,35","79,27","77,60","8,32M","-1,37%"
"27.04.2016","78,76","78,41","79,00","78,17","6,32M","0,29%"
"26.04.2016","78,53","78,45","78,70","78,11","6,07M","0,50%"
"25.04.2016","78,14","78,69","78,84","77,82","11,18M","-1,23%"
"22.04.2016","79,11","78,00","79,36","77,28","18,22M","-2,08%"
"21.04.2016","80,79","81,50","81,67","80,67","9,54M","-0,44%"
"20.04.2016","81,15","80,88","81,64","80,55","8,52M","0,50%"
"19.04.2016","80,75","81,50","81,73","80,37","8,32M","-0,86%"
"18.04.2016","81,45","80,20","81,55","79,83","7,76M","1,71%"
"15.04.2016","80,08","80,25","80,69","79,90","7,19M","-0,31%"
"14.04.2016","80,33","79,76","80,67","79,31","11,47M","0,78%"
"13.04.2016","79,71","79,03","79,93","78,91","9,19M","1,52%"
"12.04.2016","78,52","77,72","78,55","77,65","5,96M","0,90%"
"11.04.2016","77,82","78,36","78,78","77,77","5,96M","-0,27%"
"08.04.2016","78,03","78,08","78,62","77,81","5,33M","0,58%"
"07.04.2016","77,58","77,71","77,98","77,19","7,54M","-0,81%"
"06.04.2016","78,21","77,08","78,28","77,00","6,22M","1,61%"
"05.04.2016","76,97","77,14","77,47","76,58","6,01M","-1,10%"
"04.04.2016","77,83","77,97","78,31","77,53","6,91M","0,31%"
"01.04.2016","77,59","76,25","78,25","75,80","10,18M","1,45%"
"31.03.2016","76,48","76,62","76,92","75,95","7,49M","-0,39%"
"30.03.2016","76,78","75,90","77,00","75,84","9,69M","1,86%"
"29.03.2016","75,38","74,02","75,59","73,92","10,54M","1,75%"
"28.03.2016","74,08","74,14","74,27","73,72","7,28M","-0,08%"
"24.03.2016","74,14","73,65","74,16","73,41","6,30M","0,31%"
"23.03.2016","73,91","72,95","74,17","72,77","7,29M","1,30%"
"22.03.2016","72,96","73,24","73,65","72,93","6,80M","-1,10%"
"21.03.2016","73,77","73,58","73,94","73,15","7,40M","-0,01%"
"18.03.2016","73,78","73,50","74,10","73,13","15,03M","0,88%"
"17.03.2016","73,14","72,28","73,67","72,17","7,41M","1,06%"
"16.03.2016","72,37","71,68","72,83","71,51","7,56M","0,64%"
"15.03.2016","71,91","71,18","71,91","70,66","6,44M","0,59%"
"14.03.2016","71,49","71,60","71,72","70,95","7,92M","-0,20%"
"11.03.2016","71,63","71,15","72,01","70,68","9,47M","2,01%"
"10.03.2016","70,22","71,14","71,40","69,58","10,14M","-0,65%"
"09.03.2016","70,68","71,00","71,08","69,90","9,29M","0,08%"
"08.03.2016","70,62","71,50","71,52","70,51","12,39M","-1,83%"
"07.03.2016","71,94","73,39","73,45","71,35","16,67M","-2,65%"
"04.03.2016","73,90","74,22","74,25","73,61","9,48M","-0,01%"
"03.03.2016","73,91","74,48","74,50","73,36","6,59M","-0,52%"
"02.03.2016","74,30","74,50","74,60","73,66","5,74M","-0,46%"
"01.03.2016","74,64","72,99","74,64","72,90","8,71M","3,11%"
"29.02.2016","72,39","72,86","73,89","72,39","7,79M","-0,47%"
"26.02.2016","72,73","73,74","73,91","72,69","6,71M","-0,74%"
"25.02.2016","73,27","71,96","73,34","71,94","6,84M","1,98%"
"24.02.2016","71,85","71,25","72,19","70,38","7,73M","-0,42%"
"23.02.2016","72,15","72,95","73,12","71,99","6,18M","-1,25%"
"22.02.2016","73,06","72,30","73,19","72,10","7,48M","2,14%"
"19.02.2016","71,53","71,03","71,72","70,30","7,75M","0,41%"
"18.02.2016","71,24","71,89","72,25","71,02","6,94M","-1,10%"
"17.02.2016","72,03","71,73","72,12","71,30","8,49M","1,31%"
"16.02.2016","71,10","71,41","71,75","70,39","8,78M","0,97%"
"12.02.2016","70,42","69,44","70,47","69,12","8,71M","2,85%"
"11.02.2016","68,47","67,79","69,07","67,42","13,96M","-2,39%"
"10.02.2016","70,15","69,14","71,03","69,07","11,37M","2,66%"
"09.02.2016","68,33","66,39","69,48","66,12","14,88M","0,83%"
"08.02.2016","67,77","69,95","70,04","66,30","30,54M","-5,27%"
"05.02.2016","71,54","73,56","73,61","70,55","12,94M","-2,90%"
"04.02.2016","73,68","74,10","74,63","72,75","14,74M","-0,94%"
"03.02.2016","74,38","73,76","74,62","72,43","9,94M","1,34%"
"02.02.2016","73,40","73,50","74,21","73,13","9,57M","-1,32%"
"01.02.2016","74,38","74,08","74,78","73,25","12,62M","-0,15%"
"29.01.2016","74,49","70,43","74,50","68,76","40,43M","7,44%"
"28.01.2016","69,33","71,42","71,85","69,33","15,30M","-2,23%"
"27.01.2016","70,91","71,98","72,48","70,58","9,02M","-1,35%"
"26.01.2016","71,88","72,18","72,27","71,55","7,50M","0,20%"
"25.01.2016","71,74","72,76","72,91","71,58","9,13M","-1,32%"
"22.01.2016","72,70","72,67","73,18","72,13","8,65M","1,59%"
"21.01.2016","71,56","70,72","72,33","70,10","11,93M","1,25%"
"20.01.2016","70,68","69,96","71,41","69,04","16,59M","-0,99%"
"19.01.2016","71,39","72,94","73,02","70,66","16,01M","-0,61%"
"15.01.2016","71,83","71,94","72,95","70,66","18,47M","-2,67%"
"14.01.2016","73,80","73,15","74,52","72,66","10,43M","0,96%"
"13.01.2016","73,10","75,27","75,39","72,99","12,66M","-2,22%"
"12.01.2016","74,76","74,52","75,00","74,02","10,24M","1,14%"
"11.01.2016","73,92","73,11","74,08","72,66","13,07M","1,43%"
"08.01.2016","72,88","74,06","74,51","72,75","9,98M","-1,23%"
"07.01.2016","73,79","73,76","75,09","73,35","12,47M","-1,97%"
"06.01.2016","75,27","75,00","75,85","74,85","16,09M","-1,31%"
"05.01.2016","76,27","76,25","76,51","75,54","8,97M","0,75%"
"04.01.2016","75,70","76,06","76,38","75,01","13,48M","-2,39%"
"31.12.2015","77,55","78,24","78,80","77,55","6,54M","-1,02%"
"30.12.2015","78,35","79,07","79,19","78,25","4,23M","-1,09%"
"29.12.2015","79,21","79,00","79,39","78,90","4,63M","0,87%"
"28.12.2015","78,53","78,04","78,65","77,82","3,68M","0,34%"
"24.12.2015","78,26","78,35","78,71","78,18","2,19M","-0,38%"
"23.12.2015","78,56","78,08","78,66","77,56","6,34M","1,52%"
"22.12.2015","77,38","77,43","77,49","76,66","5,70M","0,27%"
"21.12.2015","77,17","76,90","77,36","76,40","8,44M","1,11%"
"18.12.2015","76,32","78,04","78,19","76,28","16,27M","-3,01%"
"17.12.2015","78,69","79,98","80,28","78,63","7,56M","-1,47%"
"16.12.2015","79,86","79,45","79,98","78,15","10,50M","1,58%"
"15.12.2015","78,62","78,37","79,45","78,21","11,36M","2,28%"
"14.12.2015","76,87","76,20","77,33","75,58","10,36M","1,00%"
"11.12.2015","76,11","77,14","77,14","75,52","15,63M","-2,57%"
"10.12.2015","78,12","77,91","79,11","77,62","8,72M","0,31%"
"09.12.2015","77,88","78,83","79,75","77,40","15,36M","-1,50%"
"08.12.2015","79,07","78,98","79,67","78,36","11,34M","-0,60%"
"07.12.2015","79,55","80,13","80,49","79,07","15,26M","-1,06%"
"04.12.2015","80,40","78,58","80,40","78,45","9,94M","2,70%"
"03.12.2015","78,29","79,36","79,77","78,08","8,69M","-0,95%"
"02.12.2015","79,04","79,83","80,15","78,97","7,31M","-1,09%"
"01.12.2015","79,91","79,53","79,93","78,77","6,70M","1,14%"
"30.11.2015","79,01","80,06","80,13","78,96","8,87M","-1,04%"
"27.11.2015","79,84","79,64","80,15","79,61","3,14M","0,35%"
"25.11.2015","79,56","79,78","80,09","79,56","4,27M","-0,29%"
"24.11.2015","79,79","79,23","80,20","79,21","6,04M","-0,40%"
"23.11.2015","80,11","80,59","80,78","79,56","5,91M","-0,10%"
"20.11.2015","80,19","80,59","81,00","79,98","6,76M","0,05%"
"19.11.2015","80,15","80,60","81,01","79,85","6,08M","-0,39%"
"18.11.2015","80,46","78,96","80,50","78,74","7,21M","2,07%"
"17.11.2015","78,83","78,94","79,28","78,47","6,94M","-0,09%"
"16.11.2015","78,90","77,79","78,91","77,58","7,80M","1,01%"
"13.11.2015","78,11","78,02","78,97","77,77","9,91M","-0,26%"
"12.11.2015","78,31","78,86","79,15","78,14","8,94M","-1,10%"
"11.11.2015","79,18","79,85","80,25","79,17","8,02M","-0,38%"
"10.11.2015","79,48","77,65","79,53","77,61","8,44M","1,85%"
"09.11.2015","78,04","78,40","78,40","77,29","10,16M","-0,90%"
"06.11.2015","78,75","79,57","79,57","78,32","8,22M","-0,64%"
"05.11.2015","79,26","78,42","79,71","78,42","9,39M","1,16%"
"04.11.2015","78,35","78,37","78,83","77,90","8,64M","0,58%"
"03.11.2015","77,90","75,13","78,58","74,81","18,90M","3,56%"
"02.11.2015","75,22","75,19","76,21","74,53","29,97M","-3,04%"
"30.10.2015","77,58","78,72","78,81","77,56","11,19M","-1,18%"
"29.10.2015","78,51","78,59","78,71","77,93","7,65M","-0,46%"
"28.10.2015","78,87","77,82","78,89","77,44","10,85M","1,74%"
"27.10.2015","77,52","78,03","78,18","77,06","9,53M","-0,84%"
"26.10.2015","78,18","78,08","78,31","77,09","8,02M","1,44%"
"23.10.2015","77,07","77,46","77,63","74,95","11,97M","0,85%"
"22.10.2015","76,42","75,89","76,85","75,64","9,09M","1,27%"
"21.10.2015","75,46","76,94","76,94","75,31","7,32M","-1,07%"
"20.10.2015","76,28","76,64","76,89","75,93","8,15M","-0,92%"
"19.10.2015","76,99","75,93","77,33","75,93","9,95M","1,30%"
"16.10.2015","76,00","75,33","76,54","74,79","9,12M","0,88%"
"15.10.2015","75,34","74,96","75,41","74,58","6,86M","1,54%"
"14.10.2015","74,20","74,84","75,26","73,72","7,57M","-1,07%"
"13.10.2015","75,00","74,46","75,25","74,15","7,44M","0,01%"
"12.10.2015","74,99","73,74","75,43","73,67","5,59M","1,37%"
"09.10.2015","73,98","74,04","74,09","73,40","5,95M","0,11%"
"08.10.2015","73,90","73,00","73,93","72,83","5,71M","0,93%"
"07.10.2015","73,22","72,68","73,23","72,45","6,27M","1,58%"
"06.10.2015","72,08","72,22","72,54","71,83","5,78M","-0,21%"
"05.10.2015","72,23","71,06","72,34","70,92","7,29M","2,21%"
"02.10.2015","70,67","68,80","70,73","68,36","7,46M","0,97%"
"01.10.2015","69,99","70,09","70,77","68,98","8,68M","0,47%"
"30.09.2015","69,66","69,32","69,66","68,26","9,31M","1,65%"
"29.09.2015","68,53","67,52","68,70","67,20","11,33M","1,98%"
"28.09.2015","67,20","70,19","70,28","67,03","15,26M","-4,94%"
"25.09.2015","70,69","71,19","71,46","70,21","7,76M","0,64%"
"24.09.2015","70,24","70,35","70,63","69,64","8,41M","-1,00%"
"23.09.2015","70,95","70,16","71,14","69,90","10,66M","1,00%"
"22.09.2015","70,25","70,00","70,39","69,31","11,39M","-0,75%"
"21.09.2015","70,78","70,62","71,32","70,22","12,76M","1,42%"
"18.09.2015","69,79","69,82","70,81","69,71","14,51M","-1,65%"
"17.09.2015","70,96","71,30","72,32","70,50","7,66M","-0,04%"
"16.09.2015","70,99","70,45","71,11","70,05","8,21M","0,68%"
"15.09.2015","70,51","70,48","70,75","69,51","6,96M","0,71%"
"14.09.2015","70,01","70,72","70,80","69,61","7,06M","-1,06%"
"11.09.2015","70,76","69,86","70,81","69,46","6,45M","0,75%"
"10.09.2015","70,23","69,50","70,65","69,46","7,24M","0,91%"
"09.09.2015","69,60","70,75","71,38","69,43","9,02M","-1,32%"
"08.09.2015","70,53","70,75","71,01","69,55","7,98M","1,98%"
"04.09.2015","69,16","69,29","69,91","68,64","9,47M","-1,76%"
"03.09.2015","70,40","70,45","71,08","69,99","9,04M","1,12%"
"02.09.2015","69,62","69,94","69,95","68,70","9,22M","0,96%"
"01.09.2015","68,96","69,41","70,39","68,50","11,49M","-3,28%"
"31.08.2015","71,30","71,91","72,08","70,82","8,31M","-1,60%"
"28.08.2015","72,46","72,10","72,67","71,60","6,41M","0,08%"
"27.08.2015","72,40","71,94","72,49","70,80","9,12M","2,42%"
"26.08.2015","70,69","69,37","70,99","67,90","12,22M","5,55%"
"25.08.2015","66,97","71,69","71,80","66,60","14,49M","-2,03%"
"24.08.2015","68,36","64,16","71,06","60,00","20,95M","-3,98%"
"21.08.2015","71,19","72,50","73,62","70,96","15,75M","-3,73%"
"20.08.2015","73,95","73,56","74,53","72,81","12,08M","-0,60%"
"19.08.2015","74,40","74,20","74,96","73,67","5,89M","-0,09%"
"18.08.2015","74,47","74,26","74,73","74,01","6,33M","0,08%"
"17.08.2015","74,41","74,00","74,44","73,50","3,47M","0,26%"
"14.08.2015","74,22","73,85","74,40","73,45","3,86M","0,39%"
"13.08.2015","73,93","73,43","74,42","73,38","5,99M","0,53%"
"12.08.2015","73,54","72,87","73,83","72,39","7,66M","0,25%"
"11.08.2015","73,36","73,81","74,27","73,22","6,48M","-1,37%"
"10.08.2015","74,38","74,89","75,18","73,85","6,18M","0,23%"
"07.08.2015","74,21","73,68","74,31","73,32","6,48M","0,86%"
"06.08.2015","73,58","75,30","75,42","73,55","7,77M","-1,87%"
"05.08.2015","74,98","76,05","76,17","74,92","6,98M","-0,39%"
"04.08.2015","75,27","75,53","76,08","75,03","6,96M","-0,66%"
"03.08.2015","75,77","75,59","76,04","75,01","5,81M","0,57%"
"31.07.2015","75,34","76,45","76,51","75,32","8,53M","-1,36%"
"30.07.2015","76,38","75,89","76,76","75,24","6,51M","0,49%"
"29.07.2015","76,01","74,95","76,43","74,67","13,75M","1,70%"
"28.07.2015","74,74","74,30","75,18","73,85","10,05M","1,19%"
"27.07.2015","73,86","74,28","74,71","73,58","10,29M","-1,26%"
"24.07.2015","74,80","76,78","76,92","74,40","21,20M","4,25%"
"23.07.2015","71,75","72,20","72,25","71,20","10,76M","-0,31%"
"22.07.2015","71,97","71,94","72,15","71,62","6,30M","-0,07%"
"21.07.2015","72,02","72,84","72,88","71,76","10,92M","-0,94%"
"20.07.2015","72,70","71,29","73,00","71,23","10,20M","2,57%"
"17.07.2015","70,88","70,40","70,96","70,28","6,29M","0,44%"
"16.07.2015","70,57","70,43","70,59","69,97","6,51M","0,79%"
"15.07.2015","70,02","70,13","70,28","69,69","4,51M","-0,11%"
"14.07.2015","70,10","69,97","70,30","69,47","5,64M","0,83%"
"13.07.2015","69,52","69,05","69,60","68,83","6,83M","1,61%"
"10.07.2015","68,42","67,98","68,54","67,91","5,11M","2,04%"
"09.07.2015","67,05","67,65","67,94","67,02","4,84M","0,48%"
"08.07.2015","66,73","67,01","67,32","66,65","5,97M","-1,53%"
"07.07.2015","67,77","68,11","68,20","66,53","6,50M","-0,51%"
"06.07.2015","68,12","67,55","68,12","67,36","5,27M","-0,18%"
"02.07.2015","68,24","68,15","68,32","67,62","5,05M","0,57%"
"01.07.2015","67,85","67,94","68,30","67,53","6,26M","1,04%"
"30.06.2015","67,15","67,34","67,48","66,76","6,81M","0,64%"
"29.06.2015","66,72","67,99","68,49","66,69","9,71M","-2,95%"
"26.06.2015","68,75","68,70","69,21","68,41","7,03M","0,19%"
"25.06.2015","68,62","69,38","69,38","68,51","4,71M","-0,35%"
"24.06.2015","68,86","69,11","69,40","68,76","4,67M","-0,81%"
"23.06.2015","69,42","69,10","69,59","69,09","3,89M","0,48%"
"22.06.2015","69,09","69,32","69,44","68,90","5,51M","0,58%"
"19.06.2015","68,69","69,27","69,33","68,48","8,73M","-1,17%"
"18.06.2015","69,50","68,90","69,84","68,88","7,60M","1,09%"
"17.06.2015","68,75","69,11","69,41","68,51","7,82M","-0,38%"
"16.06.2015","69,01","68,45","69,17","68,29","5,94M","0,64%"
"15.06.2015","68,57","68,72","68,99","68,17","6,00M","-1,10%"
"12.06.2015","69,33","69,43","69,74","69,02","4,90M","-0,45%"
"11.06.2015","69,64","69,70","70,02","69,42","5,24M","0,01%"
"10.06.2015","69,63","68,22","69,67","68,11","6,81M","2,47%"
"09.06.2015","67,95","67,67","68,09","67,53","4,44M","0,40%"
"08.06.2015","67,68","68,19","68,29","67,62","4,86M","-1,01%"
"05.06.2015","68,37","68,29","68,70","68,00","4,41M","0,23%"
"04.06.2015","68,21","68,63","69,14","68,03","6,46M","-1,07%"
"03.06.2015","68,95","69,26","69,50","68,89","4,91M","-0,13%"
"02.06.2015","69,04","68,73","69,46","68,01","4,46M","-0,10%"
"01.06.2015","69,11","69,13","69,45","68,43","6,31M","0,63%"
"29.05.2015","68,68","69,33","69,60","68,52","6,68M","-1,27%"
"28.05.2015","69,56","69,48","69,78","68,80","3,89M","0,10%"
"27.05.2015","69,49","68,85","69,74","68,50","7,06M","1,39%"
"26.05.2015","68,54","69,31","69,50","68,31","6,23M","-1,55%"
"22.05.2015","69,62","69,30","69,85","69,30","4,51M","0,36%"
"21.05.2015","69,37","69,55","69,87","69,28","6,48M","-0,59%"
"20.05.2015","69,78","70,25","70,32","69,48","4,87M","-0,54%"
"19.05.2015","70,16","70,14","70,56","70,00","4,35M","0,23%"
"18.05.2015","70,00","69,74","70,24","69,13","5,55M","0,62%"
"15.05.2015","69,57","70,10","70,69","69,31","7,12M","-0,61%"
"14.05.2015","70,00","68,96","70,03","68,85","6,49M","1,97%"
"13.05.2015","68,65","68,75","68,88","68,19","5,13M","-0,06%"
"12.05.2015","68,69","68,55","69,00","67,97","7,44M","-0,48%"
"11.05.2015","69,02","69,30","69,70","68,79","11,00M","-0,65%"
"08.05.2015","69,47","67,14","70,16","67,01","18,36M","4,34%"
"07.05.2015","66,58","65,58","66,78","65,54","6,66M","1,39%"
"06.05.2015","65,67","66,15","66,65","65,23","7,08M","-0,44%"
"05.05.2015","65,96","65,77","66,39","65,60","8,10M","0,58%"
"04.05.2015","65,58","66,05","66,14","65,47","7,43M","-0,29%"
"01.05.2015","65,77","65,22","66,66","65,15","10,14M","-0,42%"
"30.04.2015","66,05","67,18","67,50","65,42","11,78M","-1,92%"
"29.04.2015","67,34","66,86","68,46","66,78","9,81M","0,85%"
"28.04.2015","66,77","67,31","67,50","66,41","6,30M","-0,49%"
"27.04.2015","67,10","68,39","68,61","66,93","7,12M","-0,56%"
"24.04.2015","67,48","68,13","68,18","67,31","6,22M","-0,35%"
"23.04.2015","67,72","68,20","68,22","67,52","7,19M","-0,43%"
"22.04.2015","68,01","65,82","69,98","65,79","20,91M","4,07%"
"21.04.2015","65,35","65,03","65,83","64,99","9,62M","0,97%"
"20.04.2015","64,72","65,00","65,21","64,58","5,95M","0,31%"
"17.04.2015","64,52","65,10","65,50","64,35","11,21M","-1,72%"
"16.04.2015","65,65","65,53","66,01","65,35","4,12M","-0,05%"
"15.04.2015","65,68","65,60","65,91","65,30","5,35M","0,23%"
"14.04.2015","65,53","65,52","65,94","64,88","5,62M","-0,12%"
"13.04.2015","65,61","66,22","66,80","65,51","5,06M","-1,10%"
"10.04.2015","66,34","66,69","66,69","65,93","4,63M","-0,15%"
"09.04.2015","66,44","66,57","66,82","65,76","5,41M","-0,09%"
"08.04.2015","66,50","65,89","66,84","65,80","6,60M","1,06%"
"07.04.2015","65,80","65,38","66,19","65,31","6,66M","0,92%"
"06.04.2015","65,20","64,73","65,64","64,41","8,35M","-0,14%"
"02.04.2015","65,29","64,99","65,62","64,81","5,08M","0,17%"
"01.04.2015","65,18","65,45","65,52","64,45","7,63M","-0,35%"
"31.03.2015","65,41","65,47","66,20","65,39","7,40M","-0,38%"
"30.03.2015","65,66","66,02","66,32","65,50","11,24M","0,18%"
"27.03.2015","65,54","65,52","65,81","65,15","6,52M","-0,08%"
"26.03.2015","65,59","65,25","66,30","65,02","9,49M","-0,21%"
"25.03.2015","65,73","67,10","67,43","65,73","13,05M","-2,04%"
"24.03.2015","67,10","67,10","67,69","66,84","6,53M","0,03%"
"23.03.2015","67,08","68,03","68,21","67,07","8,13M","-0,49%"
"20.03.2015","67,41","67,25","67,70","66,78","15,37M","0,90%"
"19.03.2015","66,81","66,83","67,19","65,75","15,41M","-0,16%"
"18.03.2015","66,92","66,02","67,00","64,75","50,66M","1,21%"
"17.03.2015","66,12","67,02","67,09","66,03","14,29M","-1,68%"
"16.03.2015","67,25","66,72","67,51","66,66","9,85M","1,49%"
"13.03.2015","66,26","67,21","67,21","66,12","12,58M","-1,68%"
"12.03.2015","67,39","66,60","67,50","66,58","9,53M","1,81%"
"11.03.2015","66,19","66,41","66,84","65,76","12,11M","-0,17%"
"10.03.2015","66,30","67,41","67,47","66,30","11,13M","-2,30%"
"09.03.2015","67,86","67,63","68,05","67,27","8,90M","0,79%"
"06.03.2015","67,33","68,35","68,62","67,31","11,59M","-1,75%"
"05.03.2015","68,53","68,75","68,78","68,44","6,76M","0,13%"
"04.03.2015","68,44","68,79","68,79","68,06","8,02M","-0,57%"
"03.03.2015","68,83","69,66","69,66","68,38","8,81M","-1,06%"
"02.03.2015","69,57","69,18","69,57","68,61","11,65M","2,57%"
"27.02.2015","67,83","68,37","68,55","67,83","7,97M","-0,89%"
"26.02.2015","68,44","68,30","68,62","68,00","13,46M","0,28%"
"25.02.2015","68,25","67,81","68,56","67,81","6,84M","0,19%"
"24.02.2015","68,12","68,45","68,45","67,79","9,05M","-0,19%"
"23.02.2015","68,25","68,24","68,33","67,56","6,65M","0,00%"
"20.02.2015","68,25","67,26","68,25","66,77","9,03M","1,44%"
"19.02.2015","67,28","67,52","67,52","67,00","5,65M","0,00%"
"18.02.2015","67,28","67,72","67,75","67,04","6,43M","-0,65%"
"17.02.2015","67,72","67,87","68,00","67,47","6,81M","0,46%"
"13.02.2015","67,41","68,19","68,19","67,19","8,48M","-0,47%"
"12.02.2015","67,73","66,91","67,73","66,77","11,64M","1,85%"
"11.02.2015","66,50","66,25","66,58","66,06","8,80M","0,54%"
"10.02.2015","66,14","66,69","66,97","65,91","9,40M","-0,33%"
"09.02.2015","66,36","66,85","67,08","66,32","7,83M","-0,75%"
"06.02.2015","66,86","67,94","68,11","66,51","11,24M","-1,60%"
"05.02.2015","67,95","66,81","67,95","66,47","16,57M","2,61%"
"04.02.2015","66,22","64,90","66,68","64,78","22,17M","1,96%"
"03.02.2015","64,95","64,18","65,11","63,69","15,08M","1,74%"
"02.02.2015","63,84","64,08","64,08","62,42","13,67M","0,17%"
"30.01.2015","63,73","65,10","65,90","63,73","22,15M","2,79%"
"29.01.2015","62,00","61,88","62,20","61,29","15,67M","0,67%"
"28.01.2015","61,59","63,13","63,25","61,58","11,43M","-1,85%"
"27.01.2015","62,75","63,45","63,45","62,15","11,03M","-2,15%"
"26.01.2015","64,13","64,23","64,32","63,45","8,55M","-0,68%"
"23.01.2015","64,57","64,63","65,16","64,55","6,17M","0,26%"
"22.01.2015","64,40","63,86","64,75","63,34","11,57M","0,12%"
"21.01.2015","64,32","64,04","64,91","63,62","9,78M","0,17%"
"20.01.2015","64,21","64,06","64,92","63,56","14,93M","0,74%"
"16.01.2015","63,74","62,98","63,77","62,88","11,14M","0,73%"
"15.01.2015","63,28","64,18","64,37","63,09","10,58M","-0,95%"
"14.01.2015","63,89","64,16","64,65","63,53","12,23M","-1,99%"
"13.01.2015","65,19","65,50","66,45","64,78","10,28M","0,29%"
"12.01.2015","65,00","65,26","65,50","64,78","6,43M","-0,20%"
"09.01.2015","65,13","65,90","66,12","64,94","10,52M","-1,48%"
"08.01.2015","66,11","65,80","66,28","65,66","10,44M","1,33%"
"07.01.2015","65,24","64,61","65,28","64,36","9,35M","1,34%"
"06.01.2015","64,38","64,95","65,19","63,71","11,07M","-0,63%"
"05.01.2015","64,79","65,87","65,87","64,72","12,75M","-2,20%"
"02.01.2015","66,25","65,84","66,69","65,62","8,39M","1,07%"
"31.12.2014","65,55","66,37","66,81","65,55","6,03M","-0,89%"
"30.12.2014","66,14","66,28","66,34","65,77","4,78M","-0,33%"
"29.12.2014","66,36","66,62","66,92","66,26","5,26M","-0,45%"
"26.12.2014","66,66","66,91","67,33","66,66","4,77M","-0,37%"
"24.12.2014","66,91","66,37","67,21","66,34","5,24M","0,90%"
"23.12.2014","66,31","66,25","66,61","66,02","5,54M","0,39%"
"22.12.2014","66,05","65,61","66,08","65,51","5,70M","0,96%"
"19.12.2014","65,42","65,84","66,14","65,34","15,56M","-0,94%"
"18.12.2014","66,04","65,46","66,11","65,28","10,32M","1,96%"
"17.12.2014","64,77","63,53","64,89","63,42","9,73M","2,24%"
"16.12.2014","63,35","63,23","64,61","63,09","12,05M","-1,28%"
"15.12.2014","64,17","64,54","64,71","63,27","12,83M","-0,03%"
"12.12.2014","64,19","65,13","66,11","64,19","15,34M","-2,42%"
"11.12.2014","65,78","65,74","66,39","65,63","13,38M","0,53%"
"10.12.2014","65,43","65,94","66,21","65,25","8,55M","-0,91%"
"09.12.2014","66,03","64,88","66,18","64,88","10,45M","0,38%"
"08.12.2014","65,78","65,88","66,41","65,63","12,34M","-0,09%"
"05.12.2014","65,84","65,41","65,87","65,25","7,84M","0,86%"
"04.12.2014","65,28","65,52","65,56","65,01","7,40M","-0,18%"
"03.12.2014","65,40","64,91","65,47","64,67","9,38M","0,62%"
"02.12.2014","65,00","64,79","65,06","64,56","8,54M","0,71%"
"01.12.2014","64,54","64,07","65,16","64,07","10,93M","-0,02%"
"28.11.2014","64,55","64,65","64,88","64,47","5,19M","0,37%"
"26.11.2014","64,31","64,37","64,74","63,90","7,98M","0,00%"